-- MySQL dump 10.13  Distrib 8.0.36, for Win64 (x86_64)
--
-- Host: localhost    Database: bookshopdb
-- ------------------------------------------------------
-- Server version	8.0.36

/*!40101 SET @OLD_CHARACTER_SET_CLIENT=@@CHARACTER_SET_CLIENT */;
/*!40101 SET @OLD_CHARACTER_SET_RESULTS=@@CHARACTER_SET_RESULTS */;
/*!40101 SET @OLD_COLLATION_CONNECTION=@@COLLATION_CONNECTION */;
/*!50503 SET NAMES utf8 */;
/*!40103 SET @OLD_TIME_ZONE=@@TIME_ZONE */;
/*!40103 SET TIME_ZONE='+00:00' */;
/*!40014 SET @OLD_UNIQUE_CHECKS=@@UNIQUE_CHECKS, UNIQUE_CHECKS=0 */;
/*!40014 SET @OLD_FOREIGN_KEY_CHECKS=@@FOREIGN_KEY_CHECKS, FOREIGN_KEY_CHECKS=0 */;
/*!40101 SET @OLD_SQL_MODE=@@SQL_MODE, SQL_MODE='NO_AUTO_VALUE_ON_ZERO' */;
/*!40111 SET @OLD_SQL_NOTES=@@SQL_NOTES, SQL_NOTES=0 */;

--
-- Table structure for table `cart`
--

DROP TABLE IF EXISTS `cart`;
/*!40101 SET @saved_cs_client     = @@character_set_client */;
/*!50503 SET character_set_client = utf8mb4 */;
CREATE TABLE `cart` (
  `id` bigint NOT NULL AUTO_INCREMENT,
  `userId` bigint NOT NULL,
  `createdAt` datetime NOT NULL,
  `updatedAt` datetime DEFAULT NULL,
  PRIMARY KEY (`id`),
  KEY `idx_cart_user` (`userId`),
  CONSTRAINT `fk_cart_user` FOREIGN KEY (`userId`) REFERENCES `user` (`id`)
) ENGINE=InnoDB AUTO_INCREMENT=18 DEFAULT CHARSET=utf8mb4 COLLATE=utf8mb4_0900_ai_ci;
/*!40101 SET character_set_client = @saved_cs_client */;

--
-- Dumping data for table `cart`
--

LOCK TABLES `cart` WRITE;
/*!40000 ALTER TABLE `cart` DISABLE KEYS */;
INSERT INTO `cart` VALUES (1,4,'2021-12-30 15:39:19',NULL),(5,1,'2024-11-29 11:58:59',NULL),(17,8,'2024-12-07 11:01:44',NULL);
/*!40000 ALTER TABLE `cart` ENABLE KEYS */;
UNLOCK TABLES;

--
-- Table structure for table `cart_item`
--

DROP TABLE IF EXISTS `cart_item`;
/*!40101 SET @saved_cs_client     = @@character_set_client */;
/*!50503 SET character_set_client = utf8mb4 */;
CREATE TABLE `cart_item` (
  `id` bigint NOT NULL AUTO_INCREMENT,
  `cartId` bigint NOT NULL,
  `productId` bigint NOT NULL,
  `quantity` smallint NOT NULL,
  `createdAt` datetime NOT NULL,
  `updatedAt` datetime DEFAULT NULL,
  PRIMARY KEY (`id`),
  UNIQUE KEY `uq_cartId_productId` (`cartId`,`productId`),
  KEY `idx_cart_item_cart` (`cartId`),
  KEY `idx_cart_item_product` (`productId`),
  CONSTRAINT `fk_cart_item_cart` FOREIGN KEY (`cartId`) REFERENCES `cart` (`id`) ON DELETE CASCADE,
  CONSTRAINT `fk_cart_item_product` FOREIGN KEY (`productId`) REFERENCES `product` (`id`)
) ENGINE=InnoDB AUTO_INCREMENT=29 DEFAULT CHARSET=utf8mb4 COLLATE=utf8mb4_0900_ai_ci;
/*!40101 SET character_set_client = @saved_cs_client */;

--
-- Dumping data for table `cart_item`
--

LOCK TABLES `cart_item` WRITE;
/*!40000 ALTER TABLE `cart_item` DISABLE KEYS */;
INSERT INTO `cart_item` VALUES (3,1,7,3,'2021-04-14 19:36:26',NULL),(4,1,70,2,'2021-02-20 18:51:20',NULL),(5,1,27,4,'2021-11-24 00:05:40',NULL),(8,5,93,5,'2024-11-29 11:58:59','2024-11-29 11:59:04'),(9,5,100,7,'2024-12-03 14:42:17','2024-12-03 14:55:21'),(10,5,45,6,'2024-12-03 14:55:01','2024-12-03 14:55:10'),(28,17,99,9,'2024-12-07 11:01:44','2024-12-07 11:01:59');
/*!40000 ALTER TABLE `cart_item` ENABLE KEYS */;
UNLOCK TABLES;

--
-- Table structure for table `category`
--

DROP TABLE IF EXISTS `category`;
/*!40101 SET @saved_cs_client     = @@character_set_client */;
/*!50503 SET character_set_client = utf8mb4 */;
CREATE TABLE `category` (
  `id` bigint NOT NULL AUTO_INCREMENT,
  `name` varchar(100) NOT NULL,
  `description` text,
  `imageName` varchar(35) DEFAULT NULL,
  PRIMARY KEY (`id`)
) ENGINE=InnoDB AUTO_INCREMENT=18 DEFAULT CHARSET=utf8mb4 COLLATE=utf8mb4_0900_ai_ci;
/*!40101 SET character_set_client = @saved_cs_client */;

--
-- Dumping data for table `category`
--

LOCK TABLES `category` WRITE;
/*!40000 ALTER TABLE `category` DISABLE KEYS */;
INSERT INTO `category` VALUES (1,'Sách giáo khoa','Sách giáo khoa là tài liệu học tập chính thức, được sử dụng trong chương trình giáo dục tại các trường học. Nó cung cấp kiến thức cơ bản về các môn học như toán, văn, lý, hóa, sinh, và các lĩnh vực khác, giúp học sinh hiểu và nắm vững các khái niệm, lý thuyết và bài tập theo chương trình giảng dạy.','img-3054675093610831152.jpg'),(2,'Sách khoa học','Sách khoa học là tài liệu cung cấp kiến thức và nghiên cứu về các lĩnh vực khoa học như vật lý, hóa học, sinh học, toán học và khoa học xã hội. Nó giải thích các lý thuyết, nguyên lý và kết quả nghiên cứu, giúp người đọc hiểu rõ hơn về thế giới tự nhiên và các hiện tượng xung quanh.','img-13463664324658579869.jpg'),(3,'Truyện tranh','Truyện tranh là thể loại sách kết hợp giữa hình ảnh và văn bản để kể chuyện. Các tranh vẽ sinh động, thường đi kèm với lời thoại hoặc mô tả ngắn gọn, giúp người đọc dễ dàng theo dõi cốt truyện. Truyện tranh có thể thuộc nhiều thể loại, từ giải trí, phiêu lưu đến giáo dục và xã hội.','img-15975160460228614068.jpg'),(4,'Tiểu thuyết','Tiểu thuyết là tác phẩm văn học dài, thường kể về một câu chuyện phức tạp với nhiều nhân vật, tình tiết và chủ đề sâu sắc. Tiểu thuyết có thể khai thác các khía cạnh của xã hội, tâm lý con người và các mối quan hệ, giúp người đọc hiểu sâu hơn về cuộc sống, nhân sinh quan và các vấn đề đạo đức.','img-1322119032877859863.jpg'),(5,'Truyện ngắn','Truyện ngắn là tác phẩm văn học có độ dài ngắn, thường chỉ tập trung vào một tình huống, một chủ đề hoặc một sự kiện cụ thể. Nó có cốt truyện đơn giản, ít nhân vật, và kết thúc thường dứt khoát, nhằm truyền tải một thông điệp hoặc cảm xúc mạnh mẽ trong thời gian ngắn.','img-14408324837647523539.jpg'),(6,'Truyện dài','Truyện dài là một tác phẩm văn học có độ dài lớn, thường gồm nhiều chương hoặc phần, kể về một câu chuyện phức tạp với nhiều nhân vật, tình huống và diễn biến. Truyện dài khai thác các chủ đề sâu sắc, xây dựng cốt truyện chi tiết và phát triển nhân vật qua thời gian, mang đến cho độc giả trải nghiệm đọc phong phú.','img-13466946664046023468.jpg'),(7,'Sách giáo trình','Sách giáo trình là tài liệu học tập chính thức, cung cấp lý thuyết, phương pháp, bài tập và ví dụ minh họa cho các môn học. Nó giúp người học nắm vững kiến thức chuyên môn, được sử dụng trong các trường học, đại học, và các cơ sở giáo dục theo chương trình giảng dạy.','img-1949861303368509162.jpg'),(8,'Báo in','Báo in là ấn phẩm thông tin phát hành định kỳ dưới dạng giấy, cung cấp tin tức, bài viết và các bài phân tích về các sự kiện, vấn đề xã hội, chính trị, kinh tế, và văn hóa. Báo in thường được xuất bản hàng ngày hoặc hàng tuần, phục vụ độc giả rộng rãi với mục đích cập nhật và thông tin nhanh chóng.','img-12136547905964982514.jpg'),(9,'Tạp chí','Tạp chí là ấn phẩm định kỳ, thường được xuất bản hàng tuần, tháng hoặc quý, cung cấp thông tin, bài viết và nghiên cứu về các chủ đề đa dạng như văn hóa, xã hội, khoa học, hoặc giải trí. Tạp chí thường được phát hành dưới dạng giấy hoặc trực tuyến, phục vụ cho độc giả rộng rãi.','img-11963444930264603902.jpg'),(10,'Tập san','Tập san là ấn phẩm định kỳ chứa bài viết, nghiên cứu hoặc thông tin về một chủ đề cụ thể. Nó được phát hành theo chu kỳ, phục vụ độc giả quan tâm đến lĩnh vực đó, và thường xuất hiện dưới dạng tạp chí, giúp chia sẻ kiến thức trong cộng đồng chuyên môn.','img-6168039800318868425.jpg'),(11,'Sách nấu ăn','Sách nấu ăn là thể loại sách cung cấp công thức, kỹ thuật và mẹo vặt để chế biến món ăn. Nội dung sách thường bao gồm các món ăn từ các nền văn hóa khác nhau, hướng dẫn chi tiết về nguyên liệu, cách chế biến và trang trí món ăn, giúp người đọc nâng cao kỹ năng nấu nướng và sáng tạo trong bếp.','img-4605559914701609532.jpg'),(12,'Sách kỹ thuật','Sách kỹ thuật là thể loại sách cung cấp kiến thức chuyên sâu về các lĩnh vực kỹ thuật như cơ khí, điện tử, lập trình, xây dựng, và các ngành khoa học ứng dụng khác. Nội dung thường bao gồm lý thuyết, nguyên lý cơ bản, hướng dẫn thực hành và các nghiên cứu điển hình, giúp người đọc nắm vững các kỹ năng và ứng dụng trong công việc và học tập.','img-12922869384101390444.jpg'),(13,'Sách nông nghiệp','Sách nông nghiệp cung cấp kiến thức về các kỹ thuật trồng trọt, chăn nuôi, bảo vệ cây trồng và quản lý đất đai. Nó giúp nông dân và các chuyên gia trong ngành áp dụng công nghệ mới, tối ưu hóa sản xuất, cải thiện năng suất và hướng đến nông nghiệp bền vững, hiệu quả.','img-6281502077697988918.jpg'),(14,'Sách thiếu nhi','Sách thiếu nhi là thể loại văn học dành cho trẻ em, bao gồm truyện cổ tích, truyện tranh, sách giáo dục, và truyện khoa học. Những cuốn sách này thường được minh họa sinh động, nội dung dễ hiểu, giúp trẻ phát triển trí tưởng tượng, rèn luyện kỹ năng tư duy, học hỏi kiến thức, và hình thành nhân cách tốt.','img-6707902741203168403.jpg'),(15,'Sách kỹ năng sống','Sách kỹ năng sống là thể loại cung cấp kiến thức và hướng dẫn thực hành giúp người đọc phát triển các kỹ năng cần thiết để cải thiện cuộc sống cá nhân, công việc và mối quan hệ xã hội. Nội dung thường bao gồm quản lý thời gian, giao tiếp, quản lý cảm xúc, giải quyết vấn đề, và phát triển tư duy tích cực.','img-17504648750346851058.jpg');
/*!40000 ALTER TABLE `category` ENABLE KEYS */;
UNLOCK TABLES;

--
-- Table structure for table `order_item`
--

DROP TABLE IF EXISTS `order_item`;
/*!40101 SET @saved_cs_client     = @@character_set_client */;
/*!50503 SET character_set_client = utf8mb4 */;
CREATE TABLE `order_item` (
  `id` bigint NOT NULL AUTO_INCREMENT,
  `orderId` bigint NOT NULL,
  `productId` bigint NOT NULL,
  `price` float NOT NULL,
  `discount` float NOT NULL,
  `quantity` smallint NOT NULL,
  `createdAt` datetime NOT NULL,
  `updatedAt` datetime DEFAULT NULL,
  PRIMARY KEY (`id`),
  KEY `idx_order_item_orders` (`orderId`),
  KEY `idx_order_item_product` (`productId`),
  CONSTRAINT `fk_order_item_orders` FOREIGN KEY (`orderId`) REFERENCES `orders` (`id`),
  CONSTRAINT `fk_order_item_product` FOREIGN KEY (`productId`) REFERENCES `product` (`id`)
) ENGINE=InnoDB AUTO_INCREMENT=81 DEFAULT CHARSET=utf8mb4 COLLATE=utf8mb4_0900_ai_ci;
/*!40101 SET character_set_client = @saved_cs_client */;

--
-- Dumping data for table `order_item`
--

LOCK TABLES `order_item` WRITE;
/*!40000 ALTER TABLE `order_item` DISABLE KEYS */;
INSERT INTO `order_item` VALUES (1,1,78,286587,0,4,'2021-06-27 03:11:05',NULL),(2,2,21,29619,0,2,'2021-03-26 10:39:47',NULL),(3,3,69,299814,0,4,'2021-07-31 12:54:03',NULL),(4,4,2,181582,0,5,'2021-07-15 11:58:11',NULL),(5,5,79,355067,20,1,'2021-08-28 20:28:16',NULL),(6,6,41,116744,0,1,'2021-04-09 09:53:33',NULL),(7,7,3,276065,20,5,'2021-08-16 21:48:06',NULL),(8,8,87,421713,20,5,'2021-05-15 09:36:10',NULL),(9,9,90,480454,20,3,'2021-09-18 01:58:18',NULL),(10,10,82,280519,0,4,'2022-01-08 19:44:56',NULL),(11,11,22,422703,20,1,'2021-12-01 00:24:12',NULL),(12,12,99,89288,0,4,'2021-11-14 20:04:04',NULL),(13,13,52,192906,0,1,'2021-04-08 04:50:44',NULL),(14,14,84,380080,0,2,'2021-03-02 10:40:10',NULL),(15,15,5,274595,20,2,'2021-10-24 21:14:35',NULL),(16,16,14,51752,0,2,'2021-04-03 00:40:34',NULL),(17,17,20,61648,20,4,'2021-04-23 14:29:56',NULL),(18,18,42,252357,20,3,'2021-07-12 06:02:37',NULL),(19,19,3,230576,0,2,'2021-08-15 14:07:26',NULL),(20,20,12,186136,0,5,'2021-03-10 07:43:13',NULL),(21,21,88,237111,0,1,'2021-02-28 12:28:58',NULL),(22,22,17,418046,20,2,'2021-09-24 05:09:52',NULL),(23,23,59,104758,20,2,'2021-10-25 00:07:51',NULL),(24,24,79,392777,20,4,'2021-04-01 10:27:29',NULL),(25,25,38,51737,20,2,'2021-07-30 23:59:07',NULL),(26,1,17,403668,20,2,'2022-01-28 21:29:04',NULL),(27,2,38,273634,0,2,'2021-11-30 09:11:39',NULL),(28,3,64,317689,0,3,'2021-10-27 02:40:41',NULL),(29,4,23,462258,0,3,'2021-10-04 19:29:23',NULL),(30,5,11,213435,0,5,'2021-09-01 11:27:24',NULL),(31,6,74,392247,0,1,'2021-07-09 01:32:06',NULL),(32,7,53,295299,0,5,'2021-06-08 11:39:39',NULL),(33,8,8,20188,0,3,'2021-10-26 01:08:36',NULL),(34,9,100,328695,20,1,'2021-05-14 14:49:13',NULL),(35,10,42,404011,0,5,'2021-05-08 19:44:21',NULL),(36,11,91,452099,0,3,'2021-02-14 19:16:30',NULL),(37,12,31,80569,0,2,'2021-05-05 11:50:48',NULL),(38,13,66,124475,20,3,'2021-10-02 20:23:16',NULL),(39,14,65,27199,0,3,'2021-03-29 10:56:01',NULL),(40,15,64,126431,20,5,'2021-08-12 23:40:45',NULL),(41,16,59,214278,0,2,'2021-12-30 18:44:16',NULL),(42,17,86,263745,20,1,'2021-12-16 11:12:31',NULL),(43,18,93,56211,20,5,'2021-02-24 23:23:00',NULL),(44,19,79,205863,20,3,'2021-04-21 02:42:36',NULL),(45,20,33,31030,0,5,'2021-12-19 15:20:50',NULL),(46,21,59,169677,20,2,'2021-09-11 11:09:16',NULL),(47,22,6,244525,0,1,'2021-08-23 10:28:37',NULL),(48,23,73,116237,20,4,'2021-12-14 14:20:58',NULL),(49,24,22,258094,0,4,'2021-07-08 08:20:25',NULL),(50,25,82,489571,0,1,'2021-06-20 09:29:40',NULL),(51,1,60,327711,20,4,'2021-09-25 05:43:46',NULL),(52,2,8,400758,0,5,'2021-02-20 15:50:49',NULL),(53,3,78,216374,20,4,'2022-01-12 07:10:44',NULL),(54,4,46,380038,0,2,'2021-04-28 19:42:30',NULL),(55,5,4,268748,20,2,'2021-10-02 12:30:30',NULL),(56,6,64,408961,0,1,'2021-11-21 10:28:47',NULL),(57,7,36,465049,0,4,'2021-09-20 11:29:11',NULL),(58,8,96,342387,0,1,'2021-08-19 10:15:44',NULL),(59,9,52,38093,0,1,'2021-03-07 08:17:41',NULL),(60,10,8,230558,0,3,'2021-04-26 06:53:11',NULL),(61,26,19,450859,20,1,'2024-11-26 16:55:01',NULL),(62,27,55,201895,20,1,'2024-11-29 11:35:13',NULL),(63,28,93,216000,20,5,'2024-12-04 11:44:42',NULL),(64,29,1,466500,0,3,'2024-12-06 11:27:47',NULL),(65,29,69,382000,20,22,'2024-12-06 11:27:47',NULL),(66,30,22,117000,0,3,'2024-12-06 13:42:20',NULL),(67,31,51,134500,20,1,'2024-12-06 14:56:32',NULL),(68,31,22,117000,0,1,'2024-12-06 14:56:32',NULL),(69,32,54,145000,20,1,'2024-12-06 14:57:20',NULL),(70,33,82,186000,20,1,'2024-12-06 15:05:20',NULL),(71,34,55,202000,20,1,'2024-12-06 15:06:26',NULL),(72,35,37,288500,20,1,'2024-12-06 15:23:06',NULL),(73,36,22,117000,0,1,'2024-12-06 15:25:49',NULL),(74,37,72,170000,20,3,'2024-12-06 15:45:16',NULL),(75,38,72,170000,20,5,'2024-12-07 09:45:06',NULL),(76,38,55,202000,20,3,'2024-12-07 09:45:06',NULL),(77,38,36,496000,20,2,'2024-12-07 09:45:06',NULL),(78,39,99,200000,20,2,'2024-12-07 11:01:00',NULL),(79,39,73,346000,20,2,'2024-12-07 11:01:00',NULL),(80,39,78,104500,0,1,'2024-12-07 11:01:00',NULL);
/*!40000 ALTER TABLE `order_item` ENABLE KEYS */;
UNLOCK TABLES;

--
-- Table structure for table `orders`
--

DROP TABLE IF EXISTS `orders`;
/*!40101 SET @saved_cs_client     = @@character_set_client */;
/*!50503 SET character_set_client = utf8mb4 */;
CREATE TABLE `orders` (
  `id` bigint NOT NULL AUTO_INCREMENT,
  `userId` bigint NOT NULL,
  `status` tinyint NOT NULL,
  `deliveryMethod` tinyint NOT NULL,
  `deliveryPrice` float NOT NULL,
  `createdAt` datetime NOT NULL,
  `updatedAt` datetime DEFAULT NULL,
  PRIMARY KEY (`id`),
  KEY `idx_orders_user` (`userId`),
  CONSTRAINT `fk_orders_user` FOREIGN KEY (`userId`) REFERENCES `user` (`id`)
) ENGINE=InnoDB AUTO_INCREMENT=40 DEFAULT CHARSET=utf8mb4 COLLATE=utf8mb4_0900_ai_ci;
/*!40101 SET character_set_client = @saved_cs_client */;

--
-- Dumping data for table `orders`
--

LOCK TABLES `orders` WRITE;
/*!40000 ALTER TABLE `orders` DISABLE KEYS */;
INSERT INTO `orders` VALUES (1,4,3,1,10000,'2021-12-01 08:34:38',NULL),(2,5,2,2,50000,'2021-07-05 10:52:51',NULL),(3,4,1,1,10000,'2021-10-11 09:15:13',NULL),(4,5,3,2,50000,'2022-01-06 15:05:11',NULL),(5,4,2,1,10000,'2021-09-25 14:06:36',NULL),(6,4,3,2,50000,'2021-09-18 02:22:12',NULL),(7,5,1,1,10000,'2021-04-08 15:13:25',NULL),(8,4,3,2,50000,'2021-04-06 22:47:57',NULL),(9,5,3,1,10000,'2021-04-03 11:40:27',NULL),(10,4,2,2,50000,'2021-10-22 15:49:15',NULL),(11,5,2,1,10000,'2021-03-29 01:04:10',NULL),(12,4,2,2,50000,'2021-06-11 15:01:12',NULL),(13,4,3,1,10000,'2021-03-10 04:45:49',NULL),(14,5,1,2,50000,'2021-12-06 11:32:16',NULL),(15,4,3,1,10000,'2021-07-01 07:11:33',NULL),(16,5,3,2,50000,'2021-10-24 17:39:58',NULL),(17,4,1,1,10000,'2021-02-17 19:18:55',NULL),(18,4,3,2,50000,'2021-09-12 00:13:50',NULL),(19,4,2,1,10000,'2021-02-18 11:26:18',NULL),(20,5,1,2,50000,'2021-04-12 02:25:34',NULL),(21,4,1,1,10000,'2021-12-17 08:21:32',NULL),(22,5,1,2,50000,'2022-01-28 16:19:00',NULL),(23,4,1,1,10000,'2021-04-14 09:36:21',NULL),(24,5,1,2,50000,'2021-04-05 19:56:13',NULL),(25,4,2,1,10000,'2021-12-08 17:07:23',NULL),(26,1,1,1,15000,'2024-11-26 16:55:01',NULL),(27,1,1,2,50000,'2024-11-29 11:35:13',NULL),(28,8,1,2,50000,'2024-12-04 11:44:42','2024-12-05 13:18:58'),(29,8,1,1,15000,'2024-12-06 11:27:47',NULL),(30,8,2,1,15000,'2024-12-06 13:42:20','2024-12-06 13:42:51'),(31,8,1,1,15000,'2024-12-06 14:56:32',NULL),(32,8,1,1,15000,'2024-12-06 14:57:20',NULL),(33,8,1,1,15000,'2024-12-06 15:05:20',NULL),(34,8,1,1,15000,'2024-12-06 15:06:26',NULL),(35,8,1,1,15000,'2024-12-06 15:23:06',NULL),(36,8,3,1,15000,'2024-12-06 15:25:49','2024-12-07 09:50:15'),(37,8,2,1,15000,'2024-12-06 15:45:16','2024-12-07 09:41:47'),(38,5,2,1,15000,'2024-12-07 09:45:06','2024-12-07 09:46:45'),(39,8,1,1,15000,'2024-12-07 11:01:00',NULL);
/*!40000 ALTER TABLE `orders` ENABLE KEYS */;
UNLOCK TABLES;

--
-- Table structure for table `product`
--

DROP TABLE IF EXISTS `product`;
/*!40101 SET @saved_cs_client     = @@character_set_client */;
/*!50503 SET character_set_client = utf8mb4 */;
CREATE TABLE `product` (
  `id` bigint NOT NULL AUTO_INCREMENT,
  `name` varchar(100) NOT NULL,
  `price` float NOT NULL,
  `discount` float NOT NULL,
  `quantity` smallint NOT NULL,
  `totalBuy` smallint NOT NULL,
  `author` varchar(50) NOT NULL,
  `pages` smallint NOT NULL,
  `publisher` varchar(100) NOT NULL,
  `yearPublishing` year NOT NULL,
  `description` text,
  `imageName` varchar(35) DEFAULT NULL,
  `shop` bit(1) NOT NULL,
  `createdAt` datetime NOT NULL,
  `updatedAt` datetime DEFAULT NULL,
  `startsAt` datetime DEFAULT NULL,
  `endsAt` datetime DEFAULT NULL,
  PRIMARY KEY (`id`)
) ENGINE=InnoDB AUTO_INCREMENT=102 DEFAULT CHARSET=utf8mb4 COLLATE=utf8mb4_0900_ai_ci;
/*!40101 SET character_set_client = @saved_cs_client */;

--
-- Dumping data for table `product`
--

LOCK TABLES `product` WRITE;
/*!40000 ALTER TABLE `product` DISABLE KEYS */;
INSERT INTO `product` VALUES (1,'Sách Awaken the Giant Within',466500,0,86,86,'Tony Robbins',250,'NXB Giáo dục',2013,'Tony Robbins hướng dẫn cách thức giúp bạn nắm bắt và điều khiển cảm xúc, tài năng và hành động để tạo ra cuộc sống mà bạn mong muốn. Cuốn sách này cung cấp những chiến lược và công cụ mạnh mẽ để thay đổi cuộc sống một cách sâu sắc.\r\n','img-17508434972787869768.jpg',_binary '\0','2021-03-23 08:22:50','2024-12-04 11:42:49','2024-12-03 11:42:00','2024-12-21 11:42:00'),(2,'Sách The Four Agreements: A Practical Guide to Personal Freedom',26500,0,23,60,'Don Miguel Ruiz',305,'NXB Đại học Sư phạm TP.HCM',2011,'Cuốn sách này chia sẻ bốn nguyên tắc đơn giản nhưng mạnh mẽ để sống một cuộc sống tự do và bình an. Các nguyên tắc này giúp giảm bớt sự lo lắng, phát triển lòng tự trọng và xây dựng các mối quan hệ lành mạnh.','img-10916908922562335319.jpg',_binary '','2021-12-19 15:03:05','2024-12-04 11:41:35','2024-12-14 11:41:00','2024-12-27 11:41:00'),(3,'Sách Grit: The Power of Passion and Perseverance',294500,20,68,116,'Angela Duckworth',457,'NXB Đại học Sư phạm TP.HCM',2003,'Angela Duckworth nghiên cứu về sự kiên trì và đam mê trong việc đạt được thành công. Cuốn sách này giải thích làm thế nào \"grit\" (sự kiên trì) có thể là yếu tố quyết định giúp bạn vượt qua thử thách và đạt được mục tiêu dài hạn.\r\n','img-15624351863587262112.jpg',_binary '','2021-07-31 10:44:48','2024-12-04 11:40:05','2024-12-01 11:40:00','2024-12-13 11:40:00'),(4,'Sách Mindset: The New Psychology of Success',62000,20,46,195,'Carol S. Dweck',426,'NXB Đại học Sư phạm TP.HCM',2019,'Carol Dweck khám phá sự khác biệt giữa \"tư duy cố định\" và \"tư duy phát triển\". Bằng cách thay đổi cách nghĩ về khả năng và thành công, người đọc có thể thay đổi cách tiếp cận cuộc sống và học hỏi để đạt được những mục tiêu lớn lao.','img-13647060431832224940.jpg',_binary '\0','2021-07-26 17:44:04','2024-12-04 11:39:15','2024-12-02 11:39:00','2024-12-21 11:39:00'),(5,'Sách Dare to Lead: Brave Work. Tough Conversations. Whole Hearts',195500,0,52,178,'Brené Brown',270,'NXB Giáo dục',2000,'Brené Brown đưa ra các nguyên tắc để trở thành một nhà lãnh đạo dũng cảm, trong đó bao gồm sự tận tâm, lòng vị tha và khả năng đối mặt với khó khăn. Cuốn sách này giúp các nhà lãnh đạo phát triển khả năng giao tiếp và tạo dựng môi trường làm việc tích cực.','img-10702916811676456996.jpg',_binary '\0','2021-03-04 01:10:28','2024-12-04 11:38:14','2024-12-10 11:38:00','2024-12-21 11:38:00'),(6,'Sách The Life-Changing Magic of Tidying Up: The Japanese Art of Decluttering and Organizing',463000,0,13,212,'Marie Kondo',186,'NXB Đại học Sư phạm TP.HCM',2008,'Cuốn sách này dạy cách sắp xếp không gian sống và công việc một cách hiệu quả. Marie Kondo giới thiệu phương pháp KonMari, giúp độc giả dọn dẹp không gian sống của mình bằng cách giữ lại những món đồ mang lại niềm vui và loại bỏ những vật dụng không còn cần thiết.\r\n','img-5517986850737597464.jpg',_binary '','2021-06-18 05:55:06','2024-12-04 11:37:11','2024-12-02 11:37:00','2024-12-12 11:37:00'),(7,'Sách Matilda',488500,0,65,95,'Roald Dahl',260,'NXB Đại học Huế',2003,'Matilda là một cô bé có trí tuệ vượt trội và khả năng đặc biệt, nhưng lại bị gia đình và trường học đối xử tệ. Cuốn sách không chỉ về khả năng siêu nhiên của Matilda mà còn về sự kiên cường và sức mạnh của lòng tốt và trí thức.','img-3462428990643549867.jpg',_binary '','2021-11-01 20:47:34','2024-12-04 11:34:53','2024-12-20 11:34:00','2025-01-08 11:34:00'),(8,'Sách Anne of Green Gables',478500,0,60,316,'L.M. Montgomery',359,'NXB Đại học Sư phạm Hà Nội',2006,'Câu chuyện xoay quanh Anne Shirley, một cô bé mồ côi có trí tưởng tượng phong phú, được nhận nuôi bởi anh chị nhà Cuthbert ở Green Gables. Cuốn sách không chỉ miêu tả cuộc sống ở nông thôn mà còn khắc họa những giá trị về tình bạn, gia đình và sự trưởng thành.','img-7487023845631449384.jpg',_binary '\0','2021-08-27 02:56:32','2024-12-04 11:33:56','2024-12-02 11:33:00','2024-12-20 11:33:00'),(9,'Sách Where the Wild Things Are',96500,20,45,14,'Maurice Sendak',420,'NXB Đại học Sư phạm Hà Nội',2013,'Câu chuyện này kể về Max, một cậu bé bị đuổi ra ngoài vì hành vi nghịch ngợm, và trong thế giới tưởng tượng của mình, Max trở thành vua của những sinh vật hoang dã. Cuốn sách không chỉ là một cuộc phiêu lưu kỳ thú mà còn chứa đựng thông điệp về sự khao khát thuộc về và cảm giác về nhà.','img-10450435174744313660.jpg',_binary '','2021-08-07 21:11:03','2024-12-04 11:32:58','2024-12-05 11:32:00','2024-12-21 11:32:00'),(10,'Sách Charlie and the Chocolate Factory',398000,20,65,347,'Roald Dahl',321,'NXB Đại học Sư phạm TP.HCM',2020,'Đây là câu chuyện về Charlie Bucket, một cậu bé nghèo may mắn giành được một chuyến tham quan nhà máy sô-cô-la của Willy Wonka. Cuộc hành trình kỳ diệu trong nhà máy giúp Charlie và các bạn đồng hành học được những bài học về đạo đức và sự khiêm nhường.','img-7676716309691364137.jpg',_binary '','2021-06-07 23:23:46','2024-12-04 11:31:53','2024-12-02 11:31:00','2024-12-21 11:31:00'),(11,'Sách Harry Potter and the Sorcerer\'s Stone',367000,0,50,305,'J.K. Rowling',89,'NXB Đại học Quốc gia Hà Nội',2007,'Cuốn sách mở đầu cho loạt truyện \"Harry Potter\", kể về một cậu bé mồ côi, Harry, khám phá thế giới phép thuật và những bí mật về gia đình mình. Đây là câu chuyện về tình bạn, lòng dũng cảm và sự trưởng thành, thu hút trẻ em và cả người lớn.',NULL,_binary '','2021-12-10 13:59:07','2024-12-04 11:30:59','2024-12-02 11:30:00','2024-12-21 11:30:00'),(12,'Sách The Resilient Gardener: Food Production and Self-Reliance in Uncertain Times',52000,0,85,62,'Carol Deppe',435,'NXB Đại học Sư phạm Hà Nội',2018,'Cuốn sách cung cấp các phương pháp trồng trọt linh hoạt và dễ áp dụng, tập trung vào các loại cây lương thực như khoai tây, ngô, đậu, và bí. Tác phẩm khuyến khích sự tự cung tự cấp và khả năng đối phó với các thay đổi bất ngờ trong môi trường.\r\n','img-4596134263252166092.jpg',_binary '\0','2021-12-14 19:28:20','2024-12-04 11:29:35','2024-12-05 11:29:00','2024-12-12 11:29:00'),(13,'Sách Sustainable Agriculture and Resistance',122500,0,88,461,'Fernando Funes, Miguel Altieri',18,'NXB Đại học Quốc gia Hà Nội',2005,'Cuốn sách tập trung vào nông nghiệp bền vững và cách nó giúp tăng cường khả năng chống chịu của các hệ thống nông nghiệp đối với các tác động của biến đổi khí hậu và khủng hoảng môi trường.','img-3483104342663069799.jpg',_binary '\0','2021-06-16 08:20:52','2024-12-04 11:28:32','2024-12-02 11:28:00','2024-12-26 11:28:00'),(14,'Sách Crop Ecology: Productivity and Management in Agricultural Systems',247500,20,80,373,'David J. Connor',124,'NXB Đại học Sư phạm TP.HCM',2007,'Cuốn sách này cung cấp một cái nhìn toàn diện về sinh thái cây trồng và cách quản lý hệ thống nông nghiệp. Các tác giả trình bày cách tối ưu hóa năng suất cây trồng thông qua các phương pháp khoa học và bền vững.',NULL,_binary '','2021-07-31 15:57:52','2024-12-04 11:27:31','2024-12-01 11:27:00','2024-12-21 11:27:00'),(15,'Sách The Third Plate: Field Notes on the Future of Food',205500,20,16,388,'Dan Barber',414,'NXB Đại học Quốc gia Hà Nội',2006,'Dan Barber, một đầu bếp nổi tiếng, chia sẻ cách tiếp cận toàn diện để phát triển nông nghiệp bền vững. Cuốn sách đưa ra quan điểm rằng thực phẩm cần được sản xuất theo cách có lợi cho cả người tiêu dùng và môi trường.','img-6458332658581791776.jpg',_binary '\0','2021-04-19 14:39:51','2024-12-04 11:26:28','2024-12-02 11:26:00','2024-12-13 11:26:00'),(16,'Sách Soil Science Simplified',280500,0,27,16,'Helmut Kohnke, D.P. Franzmeier',486,'NXB Đại học Sư phạm Hà Nội',2006,'Cuốn sách này cung cấp kiến thức cơ bản về khoa học đất, bao gồm cấu trúc đất, độ phì nhiêu, và cách quản lý đất để cải thiện năng suất cây trồng. Đây là một tài liệu quan trọng cho các nhà nghiên cứu và nông dân muốn hiểu rõ về đất và vai trò của nó trong nông nghiệp.','img-3748661779517538994.jpg',_binary '','2021-12-17 09:38:24','2024-12-04 11:25:27','2024-12-08 11:25:00','2024-12-26 11:25:00'),(17,'Sách The Omnivore\'s Dilemma: A Natural History of Four Meals',90500,20,96,165,'Michael Pollan',43,'NXB Đại học Sư phạm TP.HCM',2009,'Michael Pollan điều tra chuỗi cung ứng thực phẩm từ sản xuất công nghiệp, canh tác hữu cơ đến thu hoạch tự nhiên. Cuốn sách làm sáng tỏ những lựa chọn thực phẩm của con người và ảnh hưởng của chúng đến môi trường, sức khỏe và nông nghiệp.\r\n','img-2949526158628172060.jpg',_binary '','2022-01-02 23:13:27','2024-12-04 11:24:28','2024-12-01 11:24:00','2024-12-17 11:24:00'),(18,'Sách The Soil Will Save Us',282000,0,93,279,'Tác giả: Kristin Ohlson',409,'NXB Đại học Huế',2020,'Cuốn sách này tập trung vào vai trò quan trọng của đất trong việc giải quyết vấn đề biến đổi khí hậu. Kristin Ohlson khám phá cách cải thiện chất lượng đất thông qua các kỹ thuật nông nghiệp bền vững, từ đó giúp lưu trữ carbon và phục hồi hệ sinh thái.',NULL,_binary '\0','2021-07-04 12:11:08','2024-12-04 11:22:52','2024-12-08 11:22:00','2024-12-26 11:22:00'),(19,'Sách Small-Scale Grain Raising',451000,20,90,474,'Gene Logsdon',113,'NXB Đại học Sư phạm TP.HCM',2003,'Gene Logsdon hướng dẫn cách trồng các loại ngũ cốc quy mô nhỏ phù hợp cho các nông trại gia đình. Cuốn sách cung cấp kiến thức thực tế từ lựa chọn giống, chuẩn bị đất, đến thu hoạch và bảo quản ngũ cốc.','img-4678031137646449849.jpg',_binary '\0','2021-10-25 09:48:48','2024-12-04 11:21:09','2024-12-01 11:21:00','2024-12-17 11:21:00'),(20,'Sách An Agricultural Testament',187500,20,75,339,'Albert Howard',194,'NXB Đại học Huế',2011,'Albert Howard là người tiên phong trong phong trào nông nghiệp hữu cơ. Cuốn sách này giải thích về vai trò của đất, phân hữu cơ, và đa dạng sinh học trong việc tạo ra một hệ thống nông nghiệp bền vững và lành mạnh.','img-6618752382593759464.jpg',_binary '','2021-11-12 00:28:22','2024-12-04 11:20:12','2024-12-01 11:20:00','2024-12-28 11:20:00'),(21,'Sách Farming While Black: Soul Fire Farm’s Practical Guide to Liberation on the Land',397000,20,85,263,'Leah Penniman',62,'NXB Đại học Sư phạm Hà Nội',2013,'Tác phẩm này không chỉ là một hướng dẫn về nông nghiệp mà còn là một tiếng nói mạnh mẽ về công bằng xã hội và chủ quyền lương thực. Leah Penniman cung cấp các kỹ thuật canh tác bền vững và chia sẻ kinh nghiệm về việc xây dựng cộng đồng nông nghiệp dành cho người da đen và các cộng đồng thiểu số.','img-6655564943601884170.jpg',_binary '\0','2021-03-26 22:11:02','2024-12-04 11:19:02','2024-12-01 11:18:00','2024-12-18 11:19:00'),(22,'Sách Guns, Germs, and Steel: The Fates of Human Societies',117000,0,11,367,'Jared Diamond',238,'NXB Đại học Quốc gia Hà Nội',1998,'Cuốn sách này không chỉ nói về nông nghiệp mà còn giải thích vai trò của nó trong sự phát triển của các nền văn minh nhân loại. Jared Diamond giải thích tại sao một số xã hội phát triển nhanh hơn nhờ sự phát triển của nông nghiệp, công nghệ, và hệ thống chính trị.','img-1875403174758335731.jpg',_binary '','2022-01-24 08:00:39','2024-12-04 11:11:03','2024-12-01 11:10:00','2024-12-28 11:10:00'),(23,'Sách Fundamentals of Thermodynamics',372500,0,71,129,'Richard E. Sonntag, Claus Borgnakke',15,'NXB Đại học Sư phạm TP.HCM',2016,'Cuốn sách này là tài liệu cơ bản trong lĩnh vực nhiệt động lực học, cung cấp các nguyên lý cơ bản và ứng dụng của nhiệt động lực học trong kỹ thuật. Nó thích hợp cho sinh viên và kỹ sư cơ khí, công nghệ năng lượng, và các ngành liên quan đến nhiệt và năng lượng.','img-13529357824107870254.jpg',_binary '\0','2021-07-15 20:01:58','2024-12-04 11:05:54','2024-12-09 11:05:00','2024-12-19 11:05:00'),(24,'Sách Engineering Mechanics: Dynamics',294000,20,83,267,'J.L. Meriam, L.G. Kraige',284,'NXB Đại học Huế',2017,'Đây là cuốn sách nổi tiếng trong lĩnh vực cơ học kỹ thuật, đặc biệt về động lực học. Nó cung cấp các lý thuyết cơ bản về chuyển động và tác động của lực đối với vật thể, ứng dụng trong thiết kế và phân tích các hệ thống cơ khí.','img-6618084915297021902.jpg',_binary '\0','2021-09-09 05:29:49','2024-12-04 11:04:42','2024-12-02 11:04:00','2024-12-28 11:04:00'),(25,'Sách The Design of Everyday Things',122500,0,62,309,'Don Norman',134,'NXB Đại học Sư phạm TP.HCM',2011,'Cuốn sách này là một tài liệu kinh điển trong lĩnh vực thiết kế giao diện người dùng (UI) và trải nghiệm người dùng (UX). Don Norman giải thích các nguyên lý cơ bản về thiết kế sản phẩm sao cho dễ sử dụng và dễ hiểu. Tác phẩm này cực kỳ hữu ích cho các nhà thiết kế phần mềm, thiết bị, và các kỹ sư UX.','img-1523299974962392264.jpg',_binary '','2021-12-11 02:13:04','2024-12-04 11:03:41','2024-12-01 11:03:00','2024-12-28 11:03:00'),(26,'Sách Automate This: How Algorithms Came to Rule Our World',131500,20,47,418,'Wood Franks',147,'NXB Đại học Sư phạm Hà Nội',1996,'Cuốn sách này nghiên cứu sự phát triển của các thuật toán và ảnh hưởng của chúng đến các lĩnh vực như tài chính, giao thông, và y tế. Nó giúp người đọc hiểu cách thức các thuật toán ngày nay đã thay đổi cuộc sống và công việc của chúng ta, cũng như tương lai của ngành kỹ thuật và công nghệ.','img-11651400767485732192.jpg',_binary '\0','2021-02-02 00:42:02','2024-12-04 11:02:26','2024-12-01 11:02:00','2024-12-18 11:02:00'),(27,'Sách The Civil Engineering Handbook',46500,0,40,41,'Wai-Fah Chen, Lian Duan',67,'NXB Đại học Huế',2008,'Đây là một tài liệu toàn diện trong lĩnh vực kỹ thuật dân dụng, bao gồm mọi khía cạnh của ngành từ cơ học đất, thiết kế kết cấu, đến xây dựng công trình và quản lý dự án. Cuốn sách này là tài liệu tham khảo hữu ích cho các kỹ sư dân dụng và sinh viên trong ngành xây dựng.','img-16146894980987538019.jpg',_binary '\0','2021-04-26 11:20:50','2024-12-04 11:00:38','2024-12-01 11:00:00','2024-12-28 11:00:00'),(28,'Sách Structural Analysis',37000,20,19,407,'R.C. Hibbeler',85,'NXB Giáo dục',2015,'Cuốn sách này là tài liệu chuẩn cho sinh viên và kỹ sư trong lĩnh vực phân tích kết cấu. Nó cung cấp các phương pháp phân tích kết cấu trong kỹ thuật xây dựng, bao gồm các khái niệm về lực, mô men và các công thức phân tích các công trình như cầu, tòa nhà, v.v.','img-11381904957988123579.jpg',_binary '\0','2021-03-08 07:28:18','2024-12-04 10:24:59','2024-12-09 10:24:00','2024-12-20 10:24:00'),(29,'Sách Introduction to Algorithms',261000,0,87,176,'Thomas H. Cormen, Charles E. Leiserson',49,'NXB Đại học Sư phạm TP.HCM',2012,'Cuốn sách này, thường được gọi là \"CLRS\", là một tài liệu cơ bản trong lĩnh vực thuật toán và cấu trúc dữ liệu. Nó cung cấp các thuật toán quan trọng, từ cơ bản đến nâng cao, giúp người đọc hiểu cách thức hoạt động của các thuật toán và cách tối ưu hóa chúng. Đây là cuốn sách bắt buộc cho những ai học về khoa học máy tính và kỹ thuật phần mềm.',NULL,_binary '\0','2021-10-14 22:48:40','2024-12-04 10:23:31','2024-12-09 10:23:00','2024-12-19 10:23:00'),(30,'Sách The Art of Electronics',318500,0,12,71,'Paul Horowitz, Winfield Hill',271,'NXB Đại học Sư phạm TP.HCM',2007,'Đây là một trong những cuốn sách nổi tiếng nhất trong lĩnh vực điện tử, cung cấp một hướng dẫn toàn diện về lý thuyết và thực hành điện tử. Các tác giả giải thích chi tiết các nguyên lý điện tử, từ các linh kiện cơ bản đến các hệ thống phức tạp. Cuốn sách này là tài liệu quý giá cho các kỹ sư điện tử, sinh viên và những người yêu thích nghiên cứu điện tử.','img-7876066478255191682.jpg',_binary '\0','2021-12-19 02:05:00','2024-12-04 10:21:01','2024-12-01 10:20:00','2024-12-17 10:20:00'),(31,'Sách Clean Code: A Handbook of Agile Software Craftsmanship',231500,20,71,336,'Robert C. Martin',285,'NXB Đại học Sư phạm TP.HCM',2001,'Cuốn sách này giải thích cách viết mã nguồn (code) sạch sẽ và dễ duy trì. Robert C. Martin, một chuyên gia trong lĩnh vực phát triển phần mềm, chia sẻ các nguyên lý và thực hành tốt giúp lập trình viên viết mã dễ đọc, dễ hiểu và dễ bảo trì. Đây là một cuốn sách không thể thiếu đối với lập trình viên phần mềm, giúp họ cải thiện chất lượng và hiệu quả công việc.','img-16933716706160035302.jpg',_binary '','2022-01-01 23:10:09','2024-12-04 10:19:44','2024-12-01 10:19:00','2024-12-18 10:19:00'),(32,'Sách Design Patterns: Elements of Reusable Object-Oriented Software',313500,0,49,48,'Erich Gamma',341,'NXB Đại học Sư phạm TP.HCM',1997,'Cuốn sách này là một tài liệu kinh điển trong lập trình hướng đối tượng. Các tác giả giới thiệu 23 mẫu thiết kế (design patterns) mà các lập trình viên có thể sử dụng để giải quyết các vấn đề thường gặp trong thiết kế phần mềm. Đây là cuốn sách quan trọng cho những ai muốn hiểu sâu về các nguyên lý thiết kế phần mềm và lập trình hướng đối tượng.',NULL,_binary '\0','2021-12-08 02:56:41','2024-12-04 10:18:36','2024-12-02 10:18:00','2024-12-13 10:18:00'),(33,'Sách The Pragmatic Programmer',156000,20,19,316,'Andrew Hunt, David Thomas',255,'NXB Đại học Huế',2009,'Cuốn sách này được coi là một trong những tài liệu quan trọng nhất trong lĩnh vực lập trình phần mềm. Nó cung cấp các nguyên tắc cơ bản giúp lập trình viên phát triển phần mềm chất lượng cao và giải quyết các vấn đề trong phát triển phần mềm. Các tác giả tập trung vào cách suy nghĩ linh hoạt, làm việc hiệu quả và cách cải thiện kỹ năng lập trình trong suốt sự nghiệp.','img-9162903177270413984.jpg',_binary '','2021-11-06 02:48:40','2024-12-04 10:17:18','2024-12-03 10:17:00','2024-12-18 10:17:00'),(34,'Sách The Food Lab: Better Home Cooking Through Science',299000,0,65,439,'J. Kenji López-Alt',262,'NXB Đại học Huế',1998,'J. Kenji López-Alt, một đầu bếp và nhà khoa học ẩm thực, đưa ra cách tiếp cận khoa học đối với việc nấu ăn. Cuốn sách này giải thích lý thuyết đằng sau các kỹ thuật nấu ăn và cung cấp công thức chi tiết để làm món ăn chuẩn xác, ngon miệng. Nó dành cho những người muốn tìm hiểu kỹ hơn về cách thức chế biến các món ăn tại nhà bằng các phương pháp khoa học.','img-3377796768010979902.jpg',_binary '','2021-03-24 23:12:25','2024-12-04 10:15:23','2024-12-01 10:15:00','2024-12-11 10:15:00'),(35,'Sách Salt, Fat, Acid, Heat',461500,20,51,350,'Samin Nosrat',355,'NXB Đại học Huế',2018,'Cuốn sách của Samin Nosrat khám phá bốn yếu tố cơ bản trong nấu ăn: muối, chất béo, axit và nhiệt. Cách tiếp cận của Nosrat tập trung vào việc giải thích khoa học đằng sau các kỹ thuật nấu ăn và giúp người đọc hiểu cách các yếu tố này tương tác để tạo ra hương vị tuyệt vời trong món ăn. Cuốn sách này không chỉ là công thức mà còn là một tài liệu học hỏi về nghệ thuật nấu ăn.','img-5631399859553886038.jpg',_binary '','2021-10-05 08:08:19','2024-12-04 10:14:18','2024-12-01 10:14:00','2024-12-27 10:14:00'),(36,'Sách Ottolenghi: The Cookbook',496000,20,48,22,'Yotam Ottolenghi, Sami Tamimi',364,'NXB Đại học Sư phạm Hà Nội',1995,'Yotam Ottolenghi là một trong những đầu bếp nổi tiếng nhất thế giới hiện nay, nổi bật với các món ăn lấy cảm hứng từ Trung Đông và các nền ẩm thực khu vực xung quanh Địa Trung Hải. Cuốn sách này bao gồm những công thức độc đáo, sáng tạo, với sự kết hợp giữa các nguyên liệu tươi ngon và các kỹ thuật nấu ăn đặc trưng. Đây là cuốn sách tuyệt vời cho những người yêu thích món ăn phong phú, giàu hương vị.','img-15383882027776555926.jpg',_binary '','2022-01-08 02:42:25','2024-12-04 10:12:59','2024-12-01 10:12:00','2024-12-05 10:12:00'),(37,'Tập san The Paris Review',288500,20,16,440,'Doris Lessing',62,'NXB Đại học Sư phạm TP.HCM',2007,'The Paris Review được biết đến không chỉ nhờ những cuộc phỏng vấn với các tác giả nổi tiếng, mà còn là nơi xuất bản những tác phẩm văn học sáng tạo. Tạp chí này giúp khôi phục và phát triển các chủ đề quan trọng trong văn học, từ những câu chuyện ngắn đầy ẩn dụ cho đến các tiểu thuyết dài với sự kết hợp giữa tính hiện thực và huyền thoại. Những bài viết trong The Paris Review thường thể hiện những quan điểm sâu sắc về cuộc sống, con người và văn hóa, đóng góp lớn vào sự phát triển của văn học thế giới.','img-4812351299410173082.jpg',_binary '\0','2021-05-11 01:50:10','2024-12-04 10:11:14','2024-12-01 10:11:00','2024-12-27 10:11:00'),(38,'Tập san Vogue',183500,20,81,14,'Anna Wintour',326,'NXB Đại học Huế',2013,'Vogue không chỉ là một tập san về thời trang mà còn là một nền tảng phản ánh các vấn đề văn hóa và xã hội. Các bài viết và tác phẩm trong tạp chí này thường bao gồm các bộ sưu tập thời trang, những phân tích chuyên sâu về các sự kiện trong ngành, và những câu chuyện về những người có ảnh hưởng trong thế giới nghệ thuật và thời trang. Tạp chí này đã có một tác động lâu dài đến cách thức người tiêu dùng và xã hội nhìn nhận về cái đẹp, phong cách và sự sáng tạo.','img-9971181967068213794.jpg',_binary '','2021-11-05 20:54:31','2024-12-04 10:09:58','2024-12-10 10:09:00','2024-12-01 10:09:00'),(39,'Tập san Scientific American',177000,0,48,208,'George Musser',401,'NXB Đại học Huế',2013,'Tác phẩm này của George Musser khám phá những câu hỏi sâu sắc về nguồn gốc của vũ trụ, một trong những câu hỏi lớn nhất trong vật lý và vũ trụ học. Musser giải thích các lý thuyết hiện đại về Big Bang, sự phát triển của vũ trụ từ một điểm kỳ lạ vô cùng nhỏ và nóng đến sự mở rộng không ngừng của nó. Bài viết cũng thảo luận về những khám phá gần đây trong lĩnh vực này, bao gồm các nghiên cứu về vật chất tối, năng lượng tối và những điểm chưa giải quyết được trong mô hình hiện tại của vũ trụ học.\r\n\r\nTác phẩm này mang đến một cái nhìn tổng quan về các lý thuyết vật lý hiện đại, cũng như sự phát triển của các ý tưởng và quan điểm trong ngành khoa học về vũ trụ. Ngoài ra, Musser còn chỉ ra những thách thức lớn mà các nhà khoa học phải đối mặt khi tìm hiểu về các điều kiện ban đầu của vũ trụ và cách mà các nguyên lý vật lý có thể được áp dụng để lý giải sự hình thành của không gian và thời gian.','img-2703260513452656671.jpg',_binary '','2021-12-27 15:36:00','2024-12-04 10:08:51','2024-12-01 10:08:00','2024-12-09 10:08:00'),(40,'Tạp chí Fast Food Nation',228500,1,91,66,'Eric Schlosser',57,'NXB Đại học Quốc gia Hà Nội',2000,'Fast Food Nation là một tác phẩm báo chí điều tra về ngành công nghiệp thực phẩm nhanh ở Mỹ, phơi bày các vấn đề về lao động, sức khỏe cộng đồng và các tác động môi trường. Cuốn sách này đã làm dấy lên một cuộc tranh luận lớn về những mặt trái của ngành công nghiệp thực phẩm.','img-16662091692297630471.jpg',_binary '','2021-06-13 14:22:51','2024-12-04 10:06:29','2024-12-02 10:06:00','2024-12-21 10:06:00'),(41,'Tạp chí The Jungle',387500,20,78,202,'Upton Sinclair',179,'NXB Đại học Quốc gia Hà Nội',2013,'Một trong những tác phẩm báo chí mang tính điều tra nổi bật nhất, The Jungle của Upton Sinclair tiết lộ những điều kiện tồi tệ trong ngành công nghiệp chế biến thịt ở Chicago vào đầu thế kỷ 20. Cuốn sách không chỉ gây chấn động xã hội mà còn góp phần thúc đẩy các cải cách trong luật an toàn thực phẩm của Mỹ.','img-12377706736972485753.jpg',_binary '\0','2022-01-03 15:33:27','2024-12-04 10:04:52','2024-12-10 10:04:00','2024-12-29 10:04:00'),(42,'Tạp chí In Cold Blood',274500,20,28,391,'Truman Capote',31,'NXB Đại học Huế',2000,'Tác phẩm này được xem là \"tiểu thuyết báo chí\" (nonfiction novel), kể về vụ giết người tại một gia đình ở Kansas vào năm 1959 và cuộc điều tra sau đó. Capote đã sử dụng phong cách báo chí để kể lại câu chuyện thực tế, lôi cuốn người đọc vào những chi tiết tinh vi của vụ án.','img-10108344929414408366.jpg',_binary '','2021-07-21 01:40:24','2024-12-04 10:03:33','2024-12-02 10:03:00','2024-12-17 10:03:00'),(43,'Tạp chí Watergate Scandal Coverage',69000,20,45,380,'Bob Woodward và Carl Bernstein',63,'NXB Đại học Sư phạm TP.HCM',2020,'Bob Woodward và Carl Bernstein của The Washington Post đã điều tra vụ bê bối Watergate vào những năm 1970, dẫn đến sự từ chức của Tổng thống Richard Nixon. Các bài báo của họ không chỉ làm thay đổi lịch sử chính trị Mỹ mà còn là bài học về sự dũng cảm và đạo đức trong nghề báo.\r\n\r\n','img-8558123775248198592.jpg',_binary '\0','2021-06-09 21:58:26','2024-12-04 10:02:12','2024-12-02 10:02:00','2024-12-07 10:02:00'),(44,'Tạp chí The Pentagon Papers',72000,20,36,343,'Daniel Ellsberg',293,'NXB Đại học Sư phạm Hà Nội',2013,'Đây là một loạt tài liệu mật do Daniel Ellsberg, một cựu chuyên gia phân tích quân sự, rò rỉ cho các tờ báo Mỹ vào năm 1971. Các tài liệu này tiết lộ sự thật về chiến tranh Việt Nam, ảnh hưởng sâu rộng đến công luận và chính trị Mỹ. Đây được coi là một trong những vụ rò rỉ thông tin lớn nhất trong lịch sử báo chí.','img-3570451615503361840.jpg',_binary '','2021-03-30 01:29:57','2024-12-04 10:00:42','2024-12-03 10:00:00','2024-12-21 10:00:00'),(45,'Báo in The New Land: A History of the American West\"',253000,0,99,358,'Bill Kovach',166,'NXB Giáo dục',2006,'Đây là tác phẩm lịch sử về miền Tây nước Mỹ, được viết bởi Bill Kovach. Tác phẩm này không phải là một cuốn sách về báo chí, nhưng nó phản ánh sự quan tâm của Kovach đến lịch sử và sự phát triển của xã hội Mỹ.','img-5690586221489547113.jpg',_binary '\0','2021-06-07 07:01:21','2024-12-04 09:58:01','2024-12-02 09:57:00','2024-12-19 09:58:00'),(46,'Báo in Blur: How to Know What\'s True in the Age of Information Overload',384500,20,58,484,'Bill Kovach và Tom Rosenstiel',129,'NXB Đại học Sư phạm TP.HCM',1997,'Blur là một tác phẩm bàn về cách nhận diện sự thật trong thời đại thông tin quá tải, nơi mà các nguồn tin giả mạo và thiếu chính xác ngày càng phổ biến. Kovach và Rosenstiel cùng phân tích các vấn đề thông tin, báo chí và sự thật trong bối cảnh truyền thông hiện đại, giúp người đọc hiểu rõ hơn về cách thức đánh giá và tiếp cận thông tin.\r\n\r\n','img-6129767723656315413.jpg',_binary '\0','2022-01-13 20:55:09','2024-12-04 09:56:37','2024-12-01 09:52:00','2024-12-19 09:53:00'),(47,'Báo in The Journalist and the Murderer',63000,20,76,213,'Janet Malcolm',439,'NXB Đại học Sư phạm TP.HCM',2002,'Mặc dù không phải tác phẩm của Kovach và Rosenstiel, nhưng đây là một cuốn sách nổi tiếng về báo chí mà nhiều nhà báo và học giả trong ngành báo chí đề cập. Cuốn sách này phân tích một vụ án giữa một nhà báo và đối tượng mà cô phỏng vấn, đặt câu hỏi về sự đạo đức trong nghề báo và mối quan hệ giữa nhà báo và đối tượng của mình.\r\n\r\n','img-12684648729629742943.jpg',_binary '\0','2021-09-01 20:00:43','2024-12-04 09:55:48','2024-12-08 09:51:00','2024-12-24 09:51:00'),(48,'Sách giáo trình Kinh tế vĩ mô',321000,0,41,221,'Nguyễn Hồng Thái',127,'NXB Giáo dục',1999,'Đây là tài liệu giảng dạy kinh tế học vi mô dành cho sinh viên kinh tế. Cuốn sách trình bày các lý thuyết về hành vi người tiêu dùng, hành vi doanh nghiệp, cung cầu thị trường, và cân bằng thị trường. Nội dung được minh họa bằng đồ thị và ví dụ thực tế.\r\n\r\n','img-18292617108152682206.jpg',_binary '','2021-02-18 02:21:04','2024-12-04 09:38:40','2024-12-01 09:38:00','2024-12-11 09:38:00'),(49,'Sách giáo trình Lập trình Java cơ bản',398000,0,75,225,'Phạm Văn Ất',166,'NXB Đại học Huế',2016,'Cuốn sách hướng dẫn lập trình Java từ căn bản đến nâng cao, phù hợp cho người mới bắt đầu và sinh viên ngành Công nghệ Thông tin. Nội dung bao gồm cú pháp Java, lập trình hướng đối tượng, và các thư viện quan trọng trong Java. Sách có ví dụ minh họa và bài tập thực hành.','img-4887446401638896153.jpg',_binary '\0','2021-07-30 09:38:48','2024-12-04 09:37:29','2024-12-02 09:37:00','2025-01-04 09:37:00'),(50,'Sách giáo trình Cơ sở dữ liệu',118500,0,34,392,'Nguyễn Kim Anh',284,'NXB Đại học Sư phạm Hà Nội',1996,'Cuốn sách tập trung vào các khái niệm cơ bản về cơ sở dữ liệu, như mô hình dữ liệu, SQL, thiết kế cơ sở dữ liệu và quản lý hệ thống cơ sở dữ liệu. Đây là tài liệu quan trọng cho sinh viên ngành Công nghệ Thông tin và những ai muốn tìm hiểu về hệ thống cơ sở dữ liệu.\r\n\r\n','img-15927532270461286966.jpg',_binary '\0','2021-05-15 04:03:30','2024-12-04 09:35:56','2024-12-09 09:35:00','2024-12-24 09:35:00'),(51,'Sách giáo trình Nguyên lý kế toán',134500,20,72,480,'Nguyễn Thị Đông, Nguyễn Văn Công',95,'NXB Giáo dục',2021,'Đây là giáo trình căn bản dành cho sinh viên khối ngành kinh tế và quản trị kinh doanh. Cuốn sách giới thiệu các nguyên lý kế toán từ cơ bản đến nâng cao, bao gồm hệ thống tài khoản, báo cáo tài chính, và các kỹ thuật ghi chép kế toán.\r\n\r\n','img-4707765004979525739.jpg',_binary '','2021-09-13 19:22:19','2024-12-04 09:34:50','2024-12-02 09:34:00','2024-12-19 09:34:00'),(52,'Sách giáo trình Toán cao cấp',348500,20,57,482,'Nguyễn Đình Trí',71,'NXB Giáo dục',2008,'Cuốn sách này được biên soạn dành cho sinh viên các trường đại học, cao đẳng khối kỹ thuật, kinh tế, và các ngành liên quan. Nó cung cấp các kiến thức nền tảng về toán học, từ đó giúp sinh viên ứng dụng vào các môn học chuyên ngành khác cũng như trong thực tiễn.\r\n\r\n','img-5953687758224729009.jpg',_binary '','2021-07-08 12:49:12','2024-12-04 09:33:18','2024-12-01 09:32:00','2024-12-18 09:32:00'),(53,'Truyện dài Những người khốn khổ',388500,20,76,270,'Victor Hugo',486,'NXB Giáo dục',2016,'Lấy bối cảnh nước Pháp thế kỷ 19, tác phẩm kể về hành trình chuộc lỗi của Jean Valjean, một người từng là tù nhân, trong khi bị săn đuổi bởi thanh tra Javert. Đồng thời, câu chuyện khám phá các chủ đề về công lý, tình yêu và hy vọng.\r\n\r\n','img-9212591784559169420.jpg',_binary '\0','2021-12-14 03:59:32','2024-12-04 09:30:23','2024-12-05 09:30:00','2024-12-02 09:30:00'),(54,'Truyện dài Jane Eyre',145000,20,81,417,'Charlotte Brontë',73,'NXB Đại học Quốc gia Hà Nội',1998,'Jane Eyre là một phụ nữ trẻ mồ côi, vượt qua những thử thách khó khăn để trở thành gia sư trong gia đình của Mr. Rochester. Tác phẩm không chỉ là câu chuyện tình yêu mà còn là hành trình tìm kiếm bản thân và quyền tự do cá nhân.\r\n\r\n','img-12181381410102688112.jpg',_binary '\0','2021-08-14 15:42:55','2024-12-04 09:28:51','2024-12-01 09:28:00','2024-12-16 09:28:00'),(55,'Truyện dài Đồi gió hú',202000,20,32,451,'Wuthering Heights – Emily Brontë',51,'NXB Đại học Quốc gia Hà Nội',2020,'Một câu chuyện đầy u ám và phức tạp về tình yêu, hận thù và sự báo thù. Câu chuyện giữa Heathcliff và Catherine Earnshaw diễn ra trên những cánh đồng hoang vu của Yorkshire, nơi cảm xúc mãnh liệt và thù hận chi phối số phận các nhân vật.','img-7092176052448669993.jpg',_binary '\0','2021-06-09 02:42:51','2024-12-04 09:27:18','2024-12-01 09:27:00','2024-12-20 09:27:00'),(56,'Truyện dài Anna Karenina',125000,0,31,196,'Leo Tolstoy',50,'NXB Giáo dục',2004,'Câu chuyện kể về mối tình bi kịch giữa Anna, một phụ nữ đã có chồng, và bá tước Vronsky. Tác phẩm đào sâu vào tâm lý nhân vật và những chuẩn mực xã hội khắc nghiệt, đồng thời khám phá nhiều khía cạnh khác nhau của tình yêu và hôn nhân.','img-1001367311875126579.jpg',_binary '','2021-05-12 13:14:00','2024-12-04 09:26:13','2024-12-08 09:26:00','2024-12-25 09:26:00'),(57,'Truyện dài Chiến tranh và hòa bình',153500,0,32,234,'War and Peace – Leo Tolstoy',122,'NXB Đại học Huế',2013,'Tác phẩm kể về cuộc sống của các gia đình quý tộc Nga trong bối cảnh chiến tranh với Napoleon. Tolstoy kết hợp giữa lịch sử, triết học và những câu chuyện cá nhân để tạo nên một bức tranh toàn cảnh về xã hội và con người.','img-14603319549577555230.jpg',_binary '\0','2021-12-28 05:25:08','2024-12-04 09:25:13','2024-12-02 09:25:00','2024-12-17 09:25:00'),(58,'Truyện ngắn Araby',101500,20,90,305,'James Joyce',409,'NXB Giáo dục',2019,'Câu chuyện kể về một cậu bé trẻ tuổi sống ở Dublin, người nuôi dưỡng tình yêu đơn phương và hy vọng được tặng quà cho cô gái mình thích tại một hội chợ. Tuy nhiên, cuối cùng, cậu phải đối mặt với sự thất vọng cay đắng. Tác phẩm phản ánh sự mất mát của những ảo mộng thời niên thiếu.','img-13228060294680295485.jpg',_binary '\0','2021-06-24 07:23:29','2024-12-04 09:22:00','2024-12-01 09:21:00','2024-12-28 09:21:00'),(59,'Truyện ngắn Cat in the Rain',243500,0,94,444,'Ernest Hemingway',357,'NXB Đại học Quốc gia Hà Nội',2008,'Một câu chuyện ngắn đơn giản nhưng sâu sắc về một người phụ nữ và mong muốn nhỏ bé của cô khi thấy một con mèo mắc mưa. Qua hình ảnh ẩn dụ, Hemingway phản ánh về khát khao được yêu thương và sự bất mãn trong hôn nhân.','img-7322589259435118123.jpg',_binary '\0','2021-09-21 11:22:31','2024-12-04 09:20:53','2024-12-01 09:20:00','2024-12-24 09:20:00'),(60,'Truyện ngắn Hills Like White Elephants',262500,20,15,473,'Ernest Hemingway',79,'NXB Đại học Quốc gia Hà Nội',1997,'Qua cuộc đối thoại giữa một cặp đôi tại nhà ga, câu chuyện lột tả những căng thẳng trong mối quan hệ và những quyết định khó khăn. Hemingway sử dụng phong cách \"tảng băng trôi\" để gợi mở nhiều ý nghĩa sâu sắc đằng sau lời nói.','img-17440180916989553550.jpg',_binary '\0','2021-11-22 16:02:54','2024-12-04 09:19:43','2024-12-01 09:19:00','2024-12-24 09:19:00'),(61,'Truyện ngắn A Good Man Is Hard to Find',422500,20,50,32,'Flannery O’Connor',354,'NXB Đại học Quốc gia Hà Nội',1997,'Câu chuyện theo chân một gia đình trong chuyến đi nghỉ mát, dẫn đến cuộc gặp gỡ định mệnh với một tên tội phạm nguy hiểm. Tác phẩm kết hợp giữa yếu tố kinh dị và sự hài hước đen tối, khám phá về đạo đức, tôn giáo và bản chất con người.\r\n\r\n','img-13188182240765118879.jpg',_binary '','2021-09-16 06:34:31','2024-12-04 09:18:32','2024-12-01 09:18:00','2024-12-21 09:18:00'),(62,'Truyện ngắn The Tell-Tale Heart',396500,0,96,210,'Edgar Allan Poe',354,'NXB Đại học Huế',2006,'Một câu chuyện kể về người kể chuyện vô danh, người dần mất đi sự kiểm soát bản thân sau khi phạm tội giết người. Tác phẩm nổi tiếng với cách xây dựng không khí u ám và khai thác sâu vào trạng thái tâm lý bất ổn của nhân vật.','img-8715745836471365701.jpg',_binary '','2021-02-20 05:53:34','2024-12-04 09:15:22','2024-12-01 09:15:00','2024-12-28 09:15:00'),(63,'Tiểu thuyết 1984',163000,20,21,47,'George Orwell',150,'NXB Đại học Sư phạm TP.HCM',2017,'\"1984\" mô tả một thế giới dystopia, nơi mọi hành động và suy nghĩ của con người đều bị giám sát bởi chính quyền toàn trị Big Brother. Nhân vật chính Winston Smith đấu tranh để giữ vững tự do cá nhân và sự thật trong một xã hội đầy dối trá và kiểm soát. Tác phẩm là lời cảnh báo về mối nguy của chế độ độc tài.','img-2306507409486450633.jpg',_binary '','2021-09-02 07:50:35','2024-12-04 09:15:58','2024-12-06 09:12:00','2024-12-15 09:12:00'),(64,'Tiểu thuyết One Hundred Years of Solitude',474000,0,10,370,'Gabriel García Márquez',396,'NXB Giáo dục',2009,'Tác phẩm kể về gia đình Buendía qua bảy thế hệ tại làng Macondo. Với những yếu tố huyền bí xen lẫn hiện thực, cuốn sách khai thác những chủ đề như sự cô đơn, lịch sử, và chu kỳ lặp lại của cuộc sống. Đây là một trong những kiệt tác của văn học Mỹ Latinh.\r\n\r\n','img-2330362318990224769.jpg',_binary '\0','2021-07-18 03:36:32','2024-12-04 09:16:13','2024-12-08 09:11:00','2024-12-19 09:11:00'),(65,'Tiểu thuyết Jane Eyre',466500,0,58,196,'Charlotte Brontë',294,'NXB Đại học Quốc gia Hà Nội',1996,'Jane Eyre là một cô gái mồ côi vượt qua nhiều khó khăn để trở thành gia sư cho một gia đình giàu có. Cô dần yêu ông chủ của mình, ngài Rochester, nhưng phát hiện ra bí mật đen tối trong ngôi nhà. Tác phẩm là hành trình của Jane trong việc tìm kiếm tự do, tình yêu và danh dự.','img-14023685167974532461.jpg',_binary '','2021-12-08 23:10:27','2024-12-04 09:16:26','2024-12-13 09:10:00','2024-12-16 09:10:00'),(66,'Tiểu thuyết Don Quixote',115500,20,25,162,'Miguel de Cervantes',161,'NXB Đại học Sư phạm Hà Nội',2021,'Don Quixote, một quý tộc mê tiểu thuyết hiệp sĩ, quyết định trở thành hiệp sĩ để bảo vệ công lý. Cùng với người hầu trung thành Sancho Panza, ông trải qua những cuộc phiêu lưu đầy hài hước và bi kịch. Tác phẩm phản ánh sự xung đột giữa lý tưởng và thực tế.','img-9454387526705991124.jpg',_binary '\0','2021-12-13 11:25:39','2024-12-04 09:16:38','2024-12-05 09:09:00','2024-12-04 02:09:00'),(67,'Sách Dune',117500,0,40,270,'Frank Herbert',340,'NXB Đại học Huế',2013,'Một trong những tác phẩm kinh điển của khoa học viễn tưởng, \"Dune\" kể về Paul Atreides, người thừa kế hành tinh sa mạc Arrakis, nơi chứa đựng nguồn tài nguyên quý giá nhất vũ trụ: gia vị. Cuốn sách khám phá các chủ đề về quyền lực, sinh thái, và tâm linh qua một câu chuyện phong phú và nhiều tầng lớp.','img-14002331245808874812.jpg',_binary '\0','2021-09-11 01:01:32','2024-12-04 09:05:06','2024-12-01 09:05:00','2024-12-28 09:05:00'),(68,'Sách The Martian',299500,0,43,90,'Andy Weir',10,'NXB Đại học Huế',2017,'Cuốn tiểu thuyết kể về Mark Watney, một phi hành gia bị bỏ lại trên sao Hỏa sau một tai nạn. Với sự hài hước và kiến thức khoa học sâu sắc, Watney phải sử dụng mọi kỹ năng sinh tồn để tạo ra nước, trồng cây, và tìm cách liên lạc với Trái Đất.','img-13198891404706194960.jpg',_binary '\0','2021-06-18 17:25:37','2024-12-04 09:03:22','2024-12-05 09:03:00','2024-12-20 09:03:00'),(69,'Sách The Origin of Species',382000,20,50,381,'Charles Darwin',442,'NXB Giáo dục',2020,'Một trong những cuốn sách khoa học vĩ đại nhất của thế kỷ 19, trong đó Darwin giới thiệu lý thuyết tiến hóa qua chọn lọc tự nhiên, thay đổi cách chúng ta hiểu về sinh học và sự phát triển của sự sống trên Trái Đất.','img-16378216743281383529.jpg',_binary '\0','2021-02-12 15:13:38','2024-12-03 22:10:24','2024-12-11 22:10:00','2024-12-26 22:10:00'),(70,'Sách The Selfish Gene',444500,20,71,176,'Richard Dawkins',79,'NXB Đại học Quốc gia Hà Nội',2001,'Cuốn sách này khám phá lý thuyết tiến hóa của Darwin và giới thiệu khái niệm về gene như là \"tác nhân\" chính trong quá trình tiến hóa của loài. Đây là một trong những cuốn sách quan trọng trong sinh học và lý thuyết tiến hóa.','img-1626706587576972964.jpg',_binary '\0','2021-11-16 22:29:49','2024-12-03 22:09:14','2024-12-02 22:09:00','2024-12-03 14:09:00'),(71,'Truyện tranh Naruto',375000,0,25,59,'Masashi Kishimoto',362,'NXB Đại học Sư phạm Hà Nội',2016,'Naruto là một bộ truyện tranh nổi tiếng của Masashi Kishimoto, bắt đầu được xuất bản vào năm 1999 và kết thúc vào năm 2014. Truyện kể về nhân vật chính Naruto Uzumaki, một cậu bé mồ côi với ước mơ trở thành Hokage – người đứng đầu làng và được mọi người công nhận. Tuy nhiên, khi Naruto còn nhỏ, anh mang trong mình một Con Hồ Ly Chín Đuôi (Kurama), một sinh vật rất mạnh mẽ và nguy hiểm, đã tấn công làng Konoha.\r\n\r\nVì thế, Naruto phải sống một cuộc đời cô đơn, bị mọi người xa lánh. Tuy nhiên, với sự nỗ lực không ngừng nghỉ, lòng dũng cảm và niềm tin vào bản thân, Naruto dần dần thu hút được sự yêu mến của những người xung quanh. Cùng với các bạn như Sasuke Uchiha và Sakura Haruno, Naruto tham gia vào các nhiệm vụ nguy hiểm, chiến đấu với các kẻ thù mạnh mẽ và giải quyết các vấn đề của làng.\r\n\r\nBộ truyện không chỉ là một cuộc phiêu lưu hành động mà còn mang đến thông điệp sâu sắc về tình bạn, sự hy sinh, khát vọng và những khó khăn trong quá trình trưởng thành. Naruto đã trở thành một trong những bộ truyện tranh thành công và có ảnh hưởng lớn trên toàn thế giới, với một lượng fan hâm mộ rộng lớn và hàng loạt các sản phẩm phụ như anime, phim điện ảnh, và các trò chơi điện tử.','img-10170833844359024971.jpg',_binary '','2021-12-22 12:50:21','2024-12-03 22:07:27','2024-12-01 22:07:00','2024-12-06 22:07:00'),(72,'Truyện tranh Giấc mơ sân cỏ',170000,20,47,398,'Daisuke Higuchi',136,'NXB Đại học Quốc gia Hà Nội',2012,'Giấc Mơ Sân Cỏ (tên gốc là Whistle!) là một bộ truyện tranh thể thao nổi tiếng về bóng đá, được sáng tác bởi Daisuke Higuchi. Truyện kể về hành trình của Shō Kazamatsuri, một cậu bé có ước mơ trở thành cầu thủ bóng đá chuyên nghiệp. Câu chuyện theo chân Shō khi anh cố gắng vượt qua những thử thách, cải thiện kỹ năng và đối mặt với những khó khăn để đạt được ước mơ của mình.\r\n\r\nWhistle! mang đến cho người đọc một câu chuyện đầy cảm hứng về tình yêu thể thao, sự nỗ lực và tinh thần đoàn kết, cùng với những trận đấu bóng đá kịch tính và các tình huống đầy thử thách. Bộ truyện được yêu thích không chỉ vì chủ đề thể thao mà còn vì các nhân vật có chiều sâu và những bài học quý giá mà nó truyền tải.','img-1816789711829968233.jpg',_binary '\0','2021-06-25 04:03:26','2024-12-03 22:05:33','2024-12-06 22:05:00','2024-12-24 22:05:00'),(73,'Truyện tranh 7 viên ngọc rồng',346000,20,59,367,'Akira Toriyama',67,'NXB Đại học Sư phạm TP.HCM',2008,'Dragon Ball (7 viên ngọc rồng) là một tác phẩm truyện tranh nổi tiếng của Akira Toriyama, lần đầu tiên được xuất bản vào năm 1984. Câu chuyện bắt đầu với nhân vật chính Son Goku, một cậu bé kỳ lạ với đuôi khỉ, có sức mạnh phi thường và một ước mơ tìm kiếm 7 viên ngọc rồng (Dragon Balls) huyền bí. Những viên ngọc này, khi được tập hợp đủ, có thể gọi ra Rồng thần (Shenron) để thực hiện một điều ước.\r\n\r\nCâu chuyện của Dragon Ball trải dài qua nhiều giai đoạn, từ việc Goku và bạn bè của cậu tham gia các giải đấu võ thuật, chiến đấu chống lại các kẻ thù mạnh mẽ như Tao Pai Pai, Piccolo và Frieza, cho đến việc bảo vệ Trái Đất khỏi các thế lực xấu xa và bảo vệ sự hòa bình cho vũ trụ. Goku không chỉ trưởng thành về mặt thể chất mà còn phát triển về tinh thần, học được nhiều bài học về lòng dũng cảm, tình bạn, gia đình và sự hy sinh.\r\n\r\nDragon Ball cũng nổi bật với các trận đấu võ thuật gay cấn, những cuộc chiến căng thẳng và những nhân vật mạnh mẽ, từ những chiến binh Saiyan như Vegeta đến các nhân vật phản diện đáng nhớ như Frieza và Cell. Các nhân vật trong truyện đều có những đặc điểm độc đáo, với những khả năng đặc biệt và chiến đấu bằng sức mạnh siêu phàm, từ đó tạo ra những cuộc chiến kịch tính và mãn nhãn.\r\n\r\nTác phẩm này không chỉ là một bộ truyện hành động hấp dẫn mà còn chứa đựng nhiều yếu tố về tình bạn, tình yêu và những giá trị đạo đức, giúp người đọc cảm nhận được sự quan trọng của sự cố gắng, hy sinh và lòng kiên trì.\r\n\r\nDragon Ball đã trở thành một biểu tượng văn hóa toàn cầu, có ảnh hưởng mạnh mẽ đến các thế hệ người hâm mộ, không chỉ qua manga mà còn qua anime, các bộ phim, trò chơi điện tử, và các sản phẩm truyền thông khác.','img-1812856005364408692.jpg',_binary '\0','2021-12-13 00:50:17','2024-12-03 22:03:05','2024-12-08 22:03:00','2024-12-03 13:03:00'),(74,'Truyện tranh Conan',109500,0,70,60,'Gosho Aoyama',301,'NXB Đại học Sư phạm Hà Nội',2009,'Detective Conan (Thám tử Conan) là một tác phẩm truyện tranh nổi tiếng của tác giả Gosho Aoyama, bắt đầu xuất bản từ năm 1994. Câu chuyện xoay quanh nhân vật chính Shinichi Kudo, một thám tử tài ba 17 tuổi, người bị đầu độc bởi một tổ chức tội phạm và bị biến thành một cậu bé 7 tuổi. Để che giấu thân phận thật, Shinichi sử dụng cái tên Conan Edogawa và sống dưới mái nhà của bạn gái mình, Ran Mouri, trong khi tiếp tục giải quyết các vụ án để tìm ra tổ chức đã đầu độc mình.\r\n\r\nVới trí thông minh sắc bén, Conan dùng những phương pháp điều tra, phân tích tinh vi để giải quyết các vụ án phức tạp và tìm ra hung thủ. Tuy nhiên, cậu không thể trực tiếp tiết lộ thân phận của mình và phải dựa vào sự trợ giúp của các thám tử khác, như Kogoro Mouri, cha của Ran, để tiến hành điều tra.\r\n\r\nBên cạnh các vụ án hình sự, câu chuyện còn xoay quanh mối quan hệ giữa Conan và những người xung quanh, đặc biệt là tình cảm giữa Conan và Ran, cũng như những bí ẩn liên quan đến tổ chức tội phạm Áo đen (Black Organization), kẻ đã khiến Shinichi trở thành Conan.','img-1035632950571516746.jpg',_binary '\0','2021-05-22 05:34:50','2024-12-03 22:01:19','2024-12-15 22:01:00','2024-12-26 22:01:00'),(75,'Truyện tranh Doraemon',119000,0,79,119,'Fujiko F. Fujio',418,'NXB Giáo dục',2007,'Doraemon là một tác phẩm truyện tranh nổi tiếng của Nhật Bản, được sáng tác bởi Fujiko F. Fujio. Câu chuyện xoay quanh nhân vật Doraemon, một chú mèo máy đến từ tương lai, được gửi về quá khứ để giúp đỡ cậu bé Nobita. Doraemon mang theo những món đồ công nghệ kỳ diệu từ tương lai để giúp Nobita giải quyết các vấn đề trong cuộc sống, nhưng cũng thường xuyên gặp phải những tình huống hài hước và phi lý. Bộ truyện không chỉ mang tính giải trí mà còn chứa đựng những bài học về tình bạn, gia đình, sự kiên trì và trách nhiệm. Doraemon đã trở thành biểu tượng văn hóa nổi tiếng và được yêu thích trên toàn thế giới.','img-14305250532018018326.jpg',_binary '\0','2021-02-10 13:36:37','2024-12-03 21:59:59','2024-12-03 21:59:00','2024-12-10 21:59:00'),(76,'Sách Ngữ Văn 8',28000,0,69,50,'Bộ giáo dục và đào tạo',104,'NXB Giáo dục',2014,'Sách Ngữ văn lớp 8 là một phần trong chương trình giáo dục phổ thông, nhằm giúp học sinh phát triển khả năng đọc, hiểu, phân tích và viết văn, đồng thời nâng cao khả năng cảm thụ văn học và ứng dụng các kỹ năng ngôn ngữ trong cuộc sống. Sách Ngữ văn lớp 8 được thiết kế để học sinh làm quen với các tác phẩm văn học trong và ngoài nước, đồng thời phát triển khả năng viết luận, nghị luận, và các thể loại văn học khác.','img-11301677476358077206.jpg',_binary '\0','2021-02-13 00:56:55','2024-12-03 21:40:49','2024-12-05 21:36:00','2024-12-27 21:36:00'),(77,'Sách Địa Lý 12',364500,0,89,207,'Spencer Marshall',475,'NXB Đại học Sư phạm TP.HCM',1999,'Sách Địa lý lớp 12 là một phần quan trọng trong chương trình giáo dục phổ thông tại Việt Nam, giúp học sinh củng cố và nâng cao kiến thức về địa lý tự nhiên và xã hội, chuẩn bị cho kỳ thi tốt nghiệp trung học phổ thông cũng như các kỳ thi đại học. Nội dung sách tập trung vào các vấn đề phát triển kinh tế, xã hội và môi trường, đồng thời giúp học sinh nắm vững các khái niệm và phương pháp nghiên cứu địa lý.','img-10772224184475616434.jpg',_binary '\0','2022-01-04 19:49:25','2024-12-03 21:40:38','2024-12-01 21:34:00','2024-12-18 21:34:00'),(78,'Sách Địa Lý 11',104500,0,92,406,'Bộ giáo dục và đào tạo',150,'NXB Đại học Sư phạm TP.HCM',2011,'Sách Địa lý lớp 11 là một phần trong chương trình giáo dục phổ thông tại Việt Nam, nhằm cung cấp cho học sinh kiến thức về địa lý tự nhiên và xã hội, từ đó phát triển khả năng nhận thức và phân tích các hiện tượng và vấn đề địa lý của các khu vực trên thế giới và trong nước. Sách này giúp học sinh hiểu rõ hơn về các yếu tố ảnh hưởng đến sự phát triển kinh tế, xã hội, cũng như các vấn đề môi trường và phát triển bền vững.','img-3227718858852341775.jpg',_binary '','2022-01-04 10:35:13','2024-12-03 21:40:25','2024-12-01 21:33:00','2024-12-18 21:33:00'),(79,'Sách Địa Lý 10',293500,20,84,31,'Bộ giáo dục và đào tạo',346,'NXB Đại học Sư phạm TP.HCM',2008,'Sách Địa lý lớp 10 là một phần trong chương trình giáo dục phổ thông tại Việt Nam, giúp học sinh nắm vững kiến thức cơ bản về địa lý tự nhiên và xã hội, đồng thời phát triển khả năng quan sát, phân tích và đánh giá các vấn đề địa lý trong cuộc sống. Sách này không chỉ cung cấp kiến thức lý thuyết mà còn giúp học sinh phát triển kỹ năng thực hành thông qua các hoạt động khảo sát, nghiên cứu bản đồ và phân tích dữ liệu.','img-12979285083296880885.jpg',_binary '\0','2021-10-25 15:41:19','2024-12-03 21:40:14','2024-12-01 21:32:00','2024-12-20 21:32:00'),(80,'Sách Ngữ văn 12',381000,0,73,268,'Bộ giáo dục và đào tạo',499,'NXB Đại học Huế',2019,'Sách Ngữ văn lớp 12 là một phần quan trọng trong chương trình giáo dục trung học phổ thông tại Việt Nam, nhằm giúp học sinh hoàn thiện các kỹ năng ngôn ngữ, tư duy phản biện, và phát triển khả năng cảm thụ văn học. Sách này không chỉ giúp học sinh ôn tập và chuẩn bị cho kỳ thi tốt nghiệp trung học phổ thông mà còn khơi gợi sự yêu thích với văn học và giúp học sinh hiểu thêm về các giá trị văn hóa, lịch sử và xã hội.','img-7709042883854397131.jpg',_binary '\0','2021-08-01 19:32:05','2024-12-03 21:40:03','2024-12-01 21:31:00','2024-12-31 21:31:00'),(81,'Sách Anh văn 11',268000,20,32,384,'Bộ giáo dục và đào tạo',381,'NXB Đại học Sư phạm Hà Nội',2010,'Sách giáo khoa Tiếng Anh lớp 11 là một phần trong chương trình học của học sinh trung học phổ thông tại Việt Nam, nhằm giúp học sinh nâng cao kỹ năng ngôn ngữ tiếng Anh. Nội dung sách được thiết kế theo khung chương trình giáo dục quốc gia, bao gồm các bài học đa dạng về từ vựng, ngữ pháp, kỹ năng nghe, nói, đọc, và viết.','img-17929148983660856790.jpg',_binary '\0','2021-11-28 16:51:08','2024-12-03 21:39:52','2024-12-02 21:27:00','2024-12-11 21:27:00'),(82,'Sách Lịch sử 10',186000,20,54,320,'Bộ giáo dục và đào tạo',280,'NXB Giáo dục',2020,'Sách Lịch sử 10 là một công cụ quan trọng trong việc giúp học sinh nắm vững các kiến thức về quá trình phát triển của nhân loại và Việt Nam qua các thời kỳ lịch sử. Cuốn sách giúp học sinh phát triển tư duy lịch sử, khả năng phân tích và hiểu rõ hơn về mối liên hệ giữa các sự kiện trong quá khứ và ảnh hưởng của chúng đến xã hội hiện nay.','img-15331977905525989082.jpg',_binary '\0','2021-11-14 02:53:14','2024-12-03 21:39:41','2024-12-01 21:26:00','2024-12-19 21:26:00'),(83,'Sách Hóa học 10',104000,0,51,388,'Bộ giáo dục và đào tạo',264,'NXB Đại học Quốc gia Hà Nội',2009,'Irure deserunt duis ut commodo consequat esse officia. Non laboris enim nostrud veniam. Tempor proident esse consectetur nostrud ea enim in Lorem deserunt. Nisi ullamco consequat officia dolor.\r\nVoluptate qui ipsum id cupidatat ad consequat dolore sunt. Dolor sit id deserunt fugiat sint esse consectetur sit elit incididunt. Voluptate adipisicing irure cillum tempor laborum do. Laborum proident magna mollit aute culpa. Ullamco dolor non amet laboris. Elit proident nisi consequat aliquip.\r\n','img-7870522677893843731.jpg',_binary '\0','2021-10-29 15:47:05','2024-12-03 21:39:27','2024-12-01 21:25:00','2024-12-17 21:25:00'),(84,'Sách Toán 2',44500,20,69,128,'Bộ giáo dục và đào tạo',357,'NXB Đại học Huế',2020,'Sản phẩm Toán lớp 2 là sách giáo khoa được thiết kế dành cho học sinh lớp 2 theo chương trình giáo dục phổ thông tại Việt Nam. Đây là một cuốn sách quan trọng trong quá trình học toán của học sinh tiểu học, giúp các em tiếp cận và làm quen với các kiến thức toán học cơ bản.','img-15421005348063220538.jpg',_binary '','2021-02-07 02:11:02','2024-12-03 21:39:13','2024-12-01 21:23:00','2024-12-25 21:23:00'),(85,'Sách Animal, Vegetable, Miracle',368000,20,96,422,'Barbara Kingsolver',328,'NXB Đại học Sư phạm Hà Nội',2003,'Cuốn sách kể về trải nghiệm của tác giả và gia đình khi họ quyết định sống bằng thực phẩm tự trồng trong vòng một năm. Tác phẩm không chỉ chia sẻ về canh tác nông nghiệp mà còn nêu bật những vấn đề về tiêu thụ thực phẩm, sự tự cung tự cấp và tác động của thực phẩm đối với sức khỏe và môi trường.','img-12484482373780617988.jpg',_binary '\0','2021-10-24 09:47:35','2024-12-03 21:39:02','2024-12-02 21:21:00','2025-01-01 21:21:00'),(86,'Sách Charlie and the Chocolate Factory',216000,20,85,134,'Roald Dahl',198,'NXB Đại học Huế',2007,'Đây là một trong những tác phẩm nổi tiếng nhất của Roald Dahl. Câu chuyện kể về một cậu bé nghèo tên Charlie Bucket, người đã giành được cơ hội tham quan nhà máy chocolate kỳ diệu của Willy Wonka. Tác phẩm không chỉ thú vị mà còn chứa đựng những bài học về đạo đức, sự tham lam và lòng tốt.','img-17143314001461368707.jpg',_binary '','2021-04-21 09:30:10','2024-12-03 21:38:48','2024-12-02 21:18:00','2024-12-26 21:18:00'),(87,'Truyện ngắn The Lottery',91500,20,16,420,'Shirley Jackson',279,'NXB Đại học Sư phạm Hà Nội',2005,'Đây là một truyện ngắn nổi tiếng của tác giả Shirley Jackson, xuất bản lần đầu vào năm 1948. Câu chuyện kể về một ngôi làng nơi mọi người tham gia một lễ hội kỳ quái và kết quả của nó làm rúng động độc giả. Truyện phản ánh sự tàn nhẫn của các truyền thống vô nghĩa trong xã hội.','img-10750407702681259360.jpg',_binary '','2021-03-31 07:39:02','2024-12-04 09:39:51','2024-12-01 21:16:00','2024-12-27 21:16:00'),(88,'Sách The Omnivore\'s Dilemma',271000,0,54,140,'Michael Pollan',156,'NXB Đại học Huế',2000,' Cuốn sách này khám phá các chuỗi cung ứng thực phẩm từ trang trại đến bàn ăn, tìm hiểu về các cách thức sản xuất nông nghiệp hiện đại, từ canh tác hữu cơ đến nông nghiệp công nghiệp. Michael Pollan còn nhấn mạnh các vấn đề đạo đức và môi trường liên quan đến ngành nông nghiệp.','img-13861593821521509373.jpg',_binary '','2021-06-15 14:51:43','2024-12-03 21:38:28','2024-12-01 21:14:00','2024-12-25 21:14:00'),(89,'Sách Vật Lý 12',6000,20,49,318,'Nguyễn Đức Cường',191,'NXB Đại học Sư phạm Hà Nội',1998,'Sách Vật lý lớp 12 là tài liệu học tập chính thức dành cho học sinh lớp 12 trong chương trình giáo dục phổ thông tại Việt Nam. Sách được biên soạn theo chương trình giảng dạy của Bộ Giáo dục và Đào tạo, nhằm cung cấp kiến thức cơ bản và nâng cao về các lĩnh vực vật lý, đồng thời giúp học sinh chuẩn bị cho kỳ thi tốt nghiệp THPT và các kỳ thi đại học, cao đẳng.','img-8464880812636709299.jpg',_binary '\0','2021-12-21 11:16:02','2024-12-03 21:38:18','2024-12-02 21:13:00','2024-12-31 21:13:00'),(90,'Tập san National Geographic',205500,20,85,380,'Gardiner Greene Hubbard',346,'NXB Đại học Quốc gia Hà Nội',2015,'Một tạp chí chuyên về khoa học, địa lý, văn hóa và bảo vệ môi trường. National Geographic nổi tiếng với những bài viết về động vật hoang dã, các nền văn hóa, các cuộc thám hiểm và những bức ảnh chụp thiên nhiên tuyệt đẹp.','img-6395402515828693502.jpg',_binary '','2021-09-02 03:01:38','2024-12-04 09:42:36','2024-12-01 21:11:00','2025-01-07 21:11:00'),(91,'Tiểu thuyết War and Peace',130000,20,26,133,'Leo Tolstoy',318,'NXB Đại học Sư phạm TP.HCM',2009,'Một trong những tác phẩm vĩ đại của văn học Nga, War and Peace mô tả cuộc sống và các sự kiện lịch sử của nước Nga trong thời kỳ Napoleon xâm lược. Tolstoy kết hợp các câu chuyện cá nhân với các sự kiện lịch sử, khám phá những chủ đề như tình yêu, danh dự và chiến tranh.','img-15291076594232668480.jpg',_binary '','2021-03-25 11:05:04','2024-12-04 09:41:37','2024-12-01 21:09:00','2024-12-31 21:09:00'),(92,'Sách A Brief History of Time',217000,20,78,114,'Stephen Hawking',321,'NXB Đại học Quốc gia Hà Nội',1998,'\"A Brief History of Time\" là cuốn sách nổi tiếng của Stephen Hawking, được xuất bản lần đầu vào năm 1988. Cuốn sách này được viết để giúp độc giả hiểu về những khái niệm vật lý và vũ trụ học phức tạp một cách dễ dàng, không yêu cầu kiến thức khoa học chuyên sâu. Tác phẩm này khám phá những câu hỏi cơ bản về vũ trụ, như: \"Vũ trụ bắt đầu từ đâu?\", \"Tại sao nó lại như vậy?\", và \"Vũ trụ sẽ kết thúc như thế nào?\"','img-3299861805023935307.jpg',_binary '\0','2021-05-17 13:49:26','2024-12-03 21:37:52','2024-12-02 21:06:00','2025-01-31 21:06:00'),(93,'Tiểu thuyết Pride and Prejudice',216000,20,55,85,'Jane Austen',267,'NXB Đại học Quốc gia Hà Nội',2001,'\"Pride and Prejudice\" của Jane Austen là một trong những tiểu thuyết nổi tiếng và được yêu thích nhất trong văn học Anh. Xuất bản lần đầu vào năm 1813, tác phẩm này không chỉ là một câu chuyện tình yêu mà còn là một phản ánh sâu sắc về xã hội Anh quốc thế kỷ 19, đặc biệt là về các giá trị xã hội, tầng lớp và hôn nhân.\r\n\r\nCâu chuyện xoay quanh cuộc sống của Elizabeth Bennet, một cô gái thông minh, quyết đoán và mạnh mẽ, và mối quan hệ của cô với Mr. Darcy, một người đàn ông giàu có nhưng kiêu ngạo và ít giao tiếp. Trong khi Elizabeth ban đầu đánh giá Mr. Darcy là tự mãn và ngạo mạn, Darcy lại thấy Elizabeth là người thấp kém và không phù hợp với gia đình anh. Tuy nhiên, qua những tình huống khó khăn và sự thay đổi trong suy nghĩ của cả hai, tình yêu giữa họ dần nảy nở.\r\n\r\nTác phẩm khám phá các chủ đề về sự tự do cá nhân, những rào cản do xã hội đặt ra, và cách mà các định kiến có thể ảnh hưởng đến mối quan hệ giữa con người. Câu chuyện cũng làm nổi bật những hình mẫu của các nhân vật như chị em Bennet, đặc biệt là mối quan hệ giữa họ và gia đình, trong đó, các giá trị xã hội và tầng lớp là yếu tố rất quan trọng trong quyết định hôn nhân và lựa chọn bạn đời.','img-16576747200509526723.jpg',_binary '','2022-01-27 21:49:53','2024-12-04 09:15:44','2024-12-03 21:04:00','2025-02-07 21:04:00'),(94,'Sách How to Win Friends and Influence People',332500,20,42,165,'Dale Carnegie',274,'NXB Đại học Sư phạm TP.HCM',2010,'\"How to Win Friends and Influence People\" của Dale Carnegie là một trong những cuốn sách nổi tiếng nhất về kỹ năng giao tiếp và xây dựng mối quan hệ. Xuất bản lần đầu vào năm 1936, cuốn sách này đã trở thành một tác phẩm kinh điển trong lĩnh vực phát triển bản thân và thành công trong công việc.\r\n\r\nCuốn sách cung cấp những nguyên tắc và chiến lược cụ thể giúp người đọc xây dựng và duy trì mối quan hệ tốt với những người xung quanh. Nó chia thành nhiều phần, mỗi phần tập trung vào một khía cạnh khác nhau của giao tiếp và ảnh hưởng, như cách đối xử với người khác một cách chân thành, làm sao để thuyết phục người khác mà không gây cảm giác ép buộc, và cách đối diện với mâu thuẫn một cách hòa bình.','img-7466470790881734105.jpg',_binary '\0','2021-04-28 06:56:06','2024-12-03 21:37:29','2024-12-21 21:00:00','2025-01-16 21:00:00'),(95,'Sách The Joy of Cooking',269000,0,49,248,'Vasquez Gallegos',230,'NXB Giáo dục',2006,'Tác phẩm The Joy of Cooking được viết bởi Irma S. Rombauer, một người phụ nữ Mỹ, và lần đầu tiên được xuất bản vào năm 1931. Cuốn sách đã trở thành một trong những cuốn sách nấu ăn nổi tiếng và phổ biến nhất tại Mỹ. Irma Rombauer đã viết cuốn sách này để chia sẻ các công thức nấu ăn đơn giản, dễ thực hiện và phù hợp với các gia đình Mỹ. Sau đó, cuốn sách đã được chỉnh sửa và cập nhật qua nhiều thế hệ, với sự tham gia của con gái bà, Marion Rombauer Becker, và cháu gái bà, Ethan Becker.\r\n\r\n\r\n\r\n\r\n\r\n\r\n','img-5470673022427555748.jpg',_binary '','2021-10-25 05:55:27','2024-12-03 21:37:20','2024-12-20 20:58:00','2025-01-18 20:58:00'),(96,'Báo in The New York Times',307500,0,83,233,'Henry Jarvis Raymond và George Jones',390,'NXB Đại học Huế',1901,'Tờ The New York Times không phải là một tác phẩm duy nhất mà là một tờ báo nổi tiếng và có ảnh hưởng lớn, xuất bản hàng ngày từ năm 1851. Đây là một trong những tờ báo uy tín nhất trên thế giới, với các bài viết chuyên sâu về nhiều lĩnh vực như chính trị, xã hội, văn hóa, kinh tế, và thể thao. The New York Times nổi bật với các bài báo điều tra, các phóng sự đặc biệt, và việc cung cấp thông tin nhanh chóng và chính xác về các sự kiện quốc tế.\r\n\r\nTờ báo này đã giành được nhiều giải thưởng Pulitzer, là một trong những giải thưởng danh giá nhất trong ngành báo chí. Các chuyên mục của The New York Times bao gồm tin tức quốc tế, tin tức trong nước, văn hóa, nghệ thuật, khoa học, công nghệ, và các bài viết chuyên sâu về các vấn đề xã hội và môi trường. Nó cũng có các phụ bản nổi tiếng như The New York Times Magazine và The Opinion Section, nơi đăng tải các bài bình luận và ý kiến của các cây bút nổi tiếng.\r\n\r\nVới mục tiêu cung cấp thông tin công bằng, trung thực và mang tính chất điều tra, The New York Times đã trở thành một biểu tượng trong ngành báo chí toàn cầu, góp phần lớn trong việc hình thành và định hình quan điểm công chúng về các sự kiện và vấn đề quan trọng trong xã hội.','img-13941849222814309160.jpg',_binary '','2021-04-17 06:11:57','2024-12-04 09:41:15','2024-12-08 20:57:00','2025-01-11 20:57:00'),(97,'Sách Mastering the Art of French Cooking',108500,0,81,307,'Julia Child',192,'NXB Đại học Sư phạm TP.HCM',2012,'Mastering the Art of French Cooking là một tác phẩm nấu ăn kinh điển, được viết bởi Julia Child, Louisette Bertholle, và Simone Beck. Cuốn sách, lần đầu tiên được xuất bản vào năm 1961, mang đến cho người đọc một hướng dẫn chi tiết và toàn diện về nghệ thuật nấu ăn Pháp. Nó không chỉ đơn thuần là một tập hợp các công thức, mà còn là một cuốn cẩm nang giúp người đọc hiểu về các kỹ thuật cơ bản và phức tạp trong ẩm thực Pháp, từ việc chọn nguyên liệu đến cách thực hiện các bước chế biến cầu kỳ.\r\n\r\nCuốn sách này đã phá vỡ những rào cản về ẩm thực Pháp tại Mỹ vào thời điểm đó, khi mà người Mỹ không mấy quen thuộc với các món ăn Pháp. Nó cung cấp các công thức cho những món ăn mang tính biểu tượng của Pháp như Boeuf Bourguignon, Coq au Vin, và Soupe à l\'Oignon. Tác phẩm cũng tập trung vào việc hướng dẫn chi tiết từng bước để người nấu ăn, dù là người mới hay đã có kinh nghiệm, có thể dễ dàng thực hiện các món ăn này tại nhà.\r\n\r\nKhông chỉ giúp người đọc học hỏi về nấu ăn, Mastering the Art of French Cooking còn là một tác phẩm văn hóa, mang đến cái nhìn sâu sắc về ẩm thực Pháp và tinh hoa ẩm thực quốc gia này. Cuốn sách đã trở thành nguồn cảm hứng cho nhiều thế hệ người yêu thích nấu ăn và là một tài liệu quan trọng trong lịch sử ẩm thực thế giới.','img-10869882927110293272.jpg',_binary '','2021-07-03 05:51:31','2024-12-03 21:37:01','2024-12-03 20:54:00','2024-12-28 20:54:00'),(98,'Tập san The New Yorker',478500,20,18,120,'Dorothy Parker',91,'NXB Đại học Sư phạm Hà Nội',2015,'The New Yorker không phải là một cuốn sách, mà là một tạp chí nổi tiếng, xuất bản lần đầu vào năm 1925. Tạp chí này nổi bật với những bài viết chất lượng cao về văn hóa, chính trị, xã hội, và các vấn đề đương đại. Nó kết hợp các bài luận, truyện ngắn, thơ, tiểu phẩm hài hước và các bài báo chuyên sâu. The New Yorker đã trở thành nơi xuất bản của nhiều cây bút nổi tiếng và có ảnh hưởng lớn trong văn học, báo chí và các lĩnh vực khác, đồng thời nổi bật với phong cách viết sắc sảo và sự đầu tư vào nghiên cứu và sáng tạo.','img-2315287647259506386.jpg',_binary '','2021-07-09 19:58:01','2024-12-04 09:42:08','2024-12-03 20:52:00','2025-01-01 20:52:00'),(99,'Sách The 7 Habits of Highly Effective People',200000,20,51,86,'Stephen R. Covey',71,'NXB Đại học Huế',2009,'The 7 Habits of Highly Effective People của Stephen R. Covey là một cuốn sách nổi tiếng về phát triển bản thân, giới thiệu các nguyên tắc giúp nâng cao hiệu quả trong công việc và cuộc sống. Cuốn sách trình bày bảy thói quen quan trọng mà những người thành công thường áp dụng, bao gồm việc chủ động, bắt đầu với mục tiêu rõ ràng, ưu tiên những việc quan trọng, nghĩ win-win, tìm hiểu trước khi giải quyết, hợp tác hiệu quả, và tiếp tục phát triển bản thân. Covey nhấn mạnh tầm quan trọng của việc phát triển phẩm chất cá nhân và các kỹ năng tương tác xã hội để đạt được thành công bền vững.','img-17263406656711247068.jpg',_binary '','2022-01-22 15:29:03','2024-12-03 21:36:43','2024-12-03 20:50:00','2024-12-31 20:50:00'),(100,'Báo in The Elements of Journalism',171000,20,34,198,'Bill Kovach và Tom Rosenstiel',85,'NXB Đại học Huế',2014,'The Elements of Journalism của Bill Kovach và Tom Rosenstiel là một cuốn sách quan trọng trong lĩnh vực báo chí, trình bày những nguyên tắc cốt lõi mà các nhà báo cần tuân thủ. Cuốn sách tập trung vào 10 yếu tố cơ bản, bao gồm trách nhiệm với sự thật, công khai và minh bạch, độc lập, công bằng và chính trực, và trách nhiệm xã hội. Các tác giả nhấn mạnh rằng báo chí không chỉ có vai trò cung cấp thông tin mà còn phải đảm bảo tính chính xác, công bằng, và phục vụ lợi ích cộng đồng. Ngoài ra, cuốn sách cũng đề cập đến những thách thức mới mà báo chí phải đối mặt trong bối cảnh công nghệ và truyền thông kỹ thuật số phát triển mạnh mẽ. Các tác giả kêu gọi nhà báo bảo vệ những giá trị cốt lõi của nghề nghiệp và duy trì sự độc lập trong công việc của mình.','img-5335771642163700661.jpg',_binary '','2021-08-14 19:14:31','2024-12-07 09:38:41','2024-12-03 20:47:00','2024-12-31 20:47:00');
/*!40000 ALTER TABLE `product` ENABLE KEYS */;
UNLOCK TABLES;

--
-- Table structure for table `product_category`
--

DROP TABLE IF EXISTS `product_category`;
/*!40101 SET @saved_cs_client     = @@character_set_client */;
/*!50503 SET character_set_client = utf8mb4 */;
CREATE TABLE `product_category` (
  `productId` bigint NOT NULL,
  `categoryId` bigint NOT NULL,
  PRIMARY KEY (`productId`,`categoryId`),
  KEY `idx_product_category_product` (`productId`),
  KEY `idx_product_category_category` (`categoryId`),
  CONSTRAINT `fk_product_category_category` FOREIGN KEY (`categoryId`) REFERENCES `category` (`id`),
  CONSTRAINT `fk_product_category_product` FOREIGN KEY (`productId`) REFERENCES `product` (`id`)
) ENGINE=InnoDB DEFAULT CHARSET=utf8mb4 COLLATE=utf8mb4_0900_ai_ci;
/*!40101 SET character_set_client = @saved_cs_client */;

--
-- Dumping data for table `product_category`
--

LOCK TABLES `product_category` WRITE;
/*!40000 ALTER TABLE `product_category` DISABLE KEYS */;
INSERT INTO `product_category` VALUES (1,15),(2,15),(3,15),(4,15),(5,15),(6,15),(7,14),(8,14),(9,14),(10,14),(11,14),(12,13),(13,13),(14,13),(15,13),(16,13),(17,13),(18,13),(19,13),(20,13),(21,13),(22,13),(23,12),(24,12),(25,12),(26,12),(27,12),(28,12),(29,12),(30,12),(31,12),(32,12),(33,12),(34,11),(35,11),(36,11),(37,10),(38,10),(39,10),(40,9),(41,9),(42,9),(43,9),(44,9),(45,8),(46,8),(47,8),(48,7),(49,7),(50,7),(51,7),(52,7),(53,6),(54,6),(55,6),(56,6),(57,6),(58,5),(59,5),(60,5),(61,5),(62,5),(63,4),(64,4),(65,4),(66,4),(67,2),(68,2),(69,2),(70,2),(71,3),(72,3),(73,3),(74,1),(75,3),(76,2),(77,2),(78,1),(79,1),(80,1),(81,1),(82,2),(83,1),(84,1),(85,13),(86,14),(87,5),(88,13),(89,1),(90,10),(91,4),(92,2),(93,4),(94,15),(95,11),(96,8),(97,11),(98,10),(99,15);
/*!40000 ALTER TABLE `product_category` ENABLE KEYS */;
UNLOCK TABLES;

--
-- Table structure for table `product_review`
--

DROP TABLE IF EXISTS `product_review`;
/*!40101 SET @saved_cs_client     = @@character_set_client */;
/*!50503 SET character_set_client = utf8mb4 */;
CREATE TABLE `product_review` (
  `id` bigint NOT NULL AUTO_INCREMENT,
  `userId` bigint NOT NULL,
  `productId` bigint NOT NULL,
  `ratingScore` tinyint NOT NULL,
  `content` text NOT NULL,
  `isShow` bit(1) NOT NULL,
  `createdAt` datetime NOT NULL,
  `updatedAt` datetime DEFAULT NULL,
  PRIMARY KEY (`id`),
  KEY `idx_product_review_user` (`userId`),
  KEY `idx_product_review_product` (`productId`),
  CONSTRAINT `fk_product_review_product` FOREIGN KEY (`productId`) REFERENCES `product` (`id`),
  CONSTRAINT `fk_product_review_user` FOREIGN KEY (`userId`) REFERENCES `user` (`id`)
) ENGINE=InnoDB AUTO_INCREMENT=154 DEFAULT CHARSET=utf8mb4 COLLATE=utf8mb4_0900_ai_ci;
/*!40101 SET character_set_client = @saved_cs_client */;

--
-- Dumping data for table `product_review`
--

LOCK TABLES `product_review` WRITE;
/*!40000 ALTER TABLE `product_review` DISABLE KEYS */;
INSERT INTO `product_review` VALUES (1,4,23,4,'Deserunt enim ullamco occaecat pariatur magna fugiat. Dolore nostrud cupidatat quis culpa sint fugiat. Anim ipsum id enim quis esse.',_binary '','2021-06-21 08:29:23',NULL),(2,1,89,2,'Nostrud aliquip culpa commodo esse. Veniam aute quis fugiat anim veniam non esse reprehenderit reprehenderit do Lorem. Voluptate cupidatat nostrud laborum proident esse sunt consequat consectetur excepteur ipsum deserunt pariatur fugiat.',_binary '','2021-03-06 04:03:45',NULL),(3,4,48,5,'In duis fugiat labore cillum labore ad pariatur adipisicing ipsum culpa duis sunt nostrud adipisicing. Dolor commodo culpa non dolor. Quis ea quis irure ut eu excepteur velit qui magna laborum ad.',_binary '','2021-02-22 02:36:33',NULL),(4,3,79,3,'Labore magna pariatur consectetur dolore voluptate aliquip Lorem ut adipisicing nostrud consectetur. Ullamco ut irure aute velit in veniam. Dolor sit magna duis laboris nisi.',_binary '','2021-05-18 19:49:12',NULL),(5,1,95,1,'Consectetur laboris aliqua ipsum aute exercitation reprehenderit reprehenderit ullamco nisi anim incididunt esse. Laboris veniam mollit mollit eiusmod eiusmod eu pariatur sunt velit voluptate quis sit. Incididunt sit do Lorem eu eiusmod et cupidatat aliquip ipsum ipsum cillum exercitation qui culpa.',_binary '','2021-10-18 02:21:32',NULL),(6,4,75,5,'Ullamco consectetur irure minim voluptate enim nisi non eu deserunt ea cupidatat cillum. Consectetur ex amet enim veniam cupidatat Lorem nostrud irure anim consectetur. Commodo ad anim veniam commodo ad et est amet sint sit elit eiusmod.',_binary '','2021-04-14 05:48:32',NULL),(7,2,53,3,'Deserunt occaecat aliqua pariatur nostrud dolor ullamco reprehenderit deserunt tempor culpa ad aute. Ea sit incididunt mollit anim ullamco commodo sint irure ut exercitation in ullamco minim elit. Sunt cupidatat veniam do cupidatat do exercitation in consectetur minim incididunt.',_binary '','2021-06-28 17:16:49',NULL),(8,5,64,4,'Eiusmod aliqua exercitation nulla veniam ut veniam incididunt dolore occaecat occaecat eiusmod dolor non enim. Nisi veniam exercitation eu cupidatat ad excepteur sint proident dolor duis deserunt. Cillum deserunt pariatur duis enim enim sit proident pariatur sint aliqua magna.',_binary '','2021-03-20 20:02:01',NULL),(9,5,53,1,'Do sit commodo enim sunt ullamco et. Labore eiusmod aliqua nulla reprehenderit officia excepteur magna proident excepteur dolor elit ullamco. Aliqua adipisicing eu ullamco aliquip consectetur irure exercitation ea mollit enim eu minim esse esse.',_binary '','2021-03-09 06:20:41',NULL),(10,2,71,3,'Commodo aute qui minim eiusmod ipsum culpa sint veniam dolore mollit. Lorem consectetur esse ad do mollit enim mollit qui enim tempor ullamco elit ipsum. Consequat laborum et cupidatat labore excepteur cillum.',_binary '','2021-06-04 13:49:47',NULL),(11,3,92,2,'Voluptate ipsum elit cillum ad cillum consectetur amet anim sint exercitation. Aute ullamco reprehenderit adipisicing sit magna. Dolore exercitation exercitation fugiat ullamco.',_binary '','2021-03-11 16:35:14',NULL),(12,1,38,3,'Amet est enim labore occaecat commodo sit eiusmod duis laboris sint occaecat dolor. Consequat qui reprehenderit consequat nostrud nisi deserunt sit ex occaecat irure adipisicing sit laboris. Consequat irure nisi Lorem dolor aliqua.',_binary '','2021-07-30 06:26:43',NULL),(13,2,80,3,'Ipsum occaecat duis nostrud dolore do commodo ex. Minim irure cupidatat nulla anim mollit fugiat est ex reprehenderit enim velit. Aliqua voluptate ea pariatur minim tempor ullamco anim officia nulla sint laborum elit in.',_binary '','2021-07-08 01:17:45',NULL),(14,1,36,5,'Proident et sunt nulla consectetur eiusmod. Non culpa nisi in qui ullamco ullamco commodo. Magna culpa cillum sint mollit.',_binary '','2021-02-17 12:39:28',NULL),(15,3,42,1,'Eiusmod exercitation irure nisi aute consectetur ipsum ullamco excepteur do occaecat eu est. Veniam velit deserunt eu consequat laboris anim exercitation enim in sint incididunt esse. Veniam sit Lorem aliqua sunt veniam cillum et pariatur ea ex anim cillum.',_binary '','2021-09-29 04:06:08',NULL),(16,5,30,5,'Magna incididunt anim ut nostrud magna cupidatat sit. Reprehenderit quis consectetur in amet enim esse dolor non quis sit voluptate laborum. Fugiat veniam id mollit qui qui sunt voluptate commodo anim excepteur labore culpa ullamco.',_binary '','2021-02-22 23:10:04',NULL),(17,4,50,3,'Mollit magna cillum culpa nulla. Ad est culpa id culpa est commodo quis enim et magna. Non ullamco tempor id commodo ad laborum magna nisi ut pariatur incididunt proident occaecat amet.',_binary '','2022-01-08 21:10:10',NULL),(18,2,54,3,'Officia non est qui ad. Incididunt quis deserunt amet qui. Ea amet deserunt et ex.',_binary '','2021-03-02 23:33:39',NULL),(19,5,54,4,'Nostrud ad occaecat incididunt ex incididunt veniam duis esse ut tempor mollit commodo esse. Anim eu anim laboris eiusmod labore non quis mollit nisi enim. Occaecat veniam et do mollit eu culpa excepteur ad laborum est.',_binary '','2021-03-24 02:11:05',NULL),(20,3,88,5,'Lorem id id nostrud quis. Nulla aute ad aute pariatur in. Pariatur consequat culpa proident excepteur reprehenderit esse qui cillum ex labore excepteur ad amet et.',_binary '','2021-11-24 10:02:51',NULL),(21,5,93,2,'Duis consequat cupidatat enim elit in sint culpa reprehenderit labore excepteur mollit. Pariatur elit dolor et reprehenderit pariatur. Culpa laboris excepteur veniam eiusmod id ut aute pariatur.',_binary '','2021-11-14 01:04:47',NULL),(22,3,19,2,'Anim qui est et laborum irure pariatur deserunt in nulla sint qui. Aliquip eiusmod consectetur culpa labore veniam nulla aliquip officia non eu minim Lorem. Adipisicing esse ea aliquip elit nisi ea pariatur officia sit labore minim eu laborum occaecat.',_binary '','2022-01-23 12:52:13',NULL),(23,3,54,2,'Duis est officia non non aute eiusmod cupidatat ad consectetur amet esse est. Qui cillum aliquip voluptate magna anim anim consectetur cillum duis mollit. Id eiusmod sit nisi ea enim tempor.',_binary '','2021-07-20 14:52:16',NULL),(24,1,97,3,'Pariatur laboris officia voluptate tempor consequat adipisicing. Velit culpa officia id quis consectetur duis veniam. Sunt esse amet irure cupidatat.',_binary '','2021-04-27 19:05:33',NULL),(25,4,8,5,'Voluptate amet deserunt amet laboris eu nisi labore deserunt excepteur laboris aute dolore minim exercitation. Ea duis et minim sint anim ullamco in do labore. Enim nostrud laboris non elit commodo pariatur est minim exercitation nulla mollit commodo deserunt fugiat.',_binary '','2021-09-21 20:55:21',NULL),(26,4,51,5,'Et deserunt exercitation cillum cupidatat Lorem excepteur sit pariatur est id minim minim. In culpa culpa amet anim est fugiat consequat do. Dolore excepteur incididunt est dolore tempor dolor cupidatat amet tempor Lorem dolor.',_binary '\0','2021-06-14 17:26:50','2024-12-03 19:58:46'),(27,2,11,5,'Nisi voluptate ex officia sit ea ea labore. Mollit esse sunt ad commodo nulla. Ullamco dolor laboris aliquip ipsum sint commodo ad nisi aute esse non anim nostrud.',_binary '','2021-08-16 03:13:02',NULL),(28,5,20,5,'Esse quis incididunt fugiat ut elit voluptate tempor ullamco elit sunt ex aliquip laborum. Id ipsum ex consequat dolore nostrud nostrud dolor commodo dolore. Dolor eiusmod consectetur veniam minim et consequat eu ullamco proident est incididunt ut pariatur.',_binary '','2021-09-20 21:45:32',NULL),(29,3,49,4,'Minim duis labore velit laborum. Et nisi commodo anim consectetur. Occaecat cupidatat elit officia est id nulla excepteur cillum eu sunt amet irure magna.',_binary '','2021-10-11 15:45:33',NULL),(30,5,100,5,'Officia cupidatat et aliqua laboris excepteur nostrud occaecat tempor voluptate laboris culpa eiusmod. Officia adipisicing enim laboris consequat dolore sunt labore proident ullamco adipisicing cupidatat aliquip. Ullamco labore nulla consectetur aliquip mollit esse ad ipsum do fugiat nulla do.',_binary '','2021-07-31 07:49:01',NULL),(31,1,74,2,'Esse est pariatur excepteur commodo cillum deserunt laborum culpa. Deserunt qui fugiat amet deserunt eu minim. In ea tempor ipsum ad reprehenderit commodo consectetur tempor elit amet amet ipsum.',_binary '','2021-06-30 07:09:58',NULL),(32,5,46,3,'Minim commodo sint ex elit in. Laborum velit magna eu aliqua deserunt velit aliquip eu in amet quis. Aute aliqua ad Lorem anim voluptate occaecat ad amet dolor.',_binary '','2021-07-13 23:00:20',NULL),(33,3,38,5,'Anim ullamco incididunt duis occaecat commodo excepteur Lorem ipsum nostrud sunt. Deserunt nulla veniam duis dolor consectetur occaecat excepteur esse ipsum et ad tempor esse. Dolor irure velit in et ea.',_binary '','2021-11-25 15:12:50',NULL),(34,3,57,2,'Sunt dolor aliquip labore in dolore. Id aliquip consectetur quis ex ullamco et aliquip nostrud. In enim fugiat dolore ipsum velit ex.',_binary '','2021-03-18 23:49:52',NULL),(35,2,92,2,'Laborum ipsum sint culpa in. Laboris incididunt et irure Lorem id cillum fugiat et nulla voluptate sunt. Eiusmod incididunt enim qui eu elit.',_binary '','2021-10-10 22:41:18',NULL),(36,1,47,3,'Nisi esse aute minim fugiat cupidatat mollit. Dolore deserunt ex sunt enim veniam mollit est nulla adipisicing dolore enim in. Mollit esse enim esse pariatur duis ad ipsum eu laboris cupidatat in est commodo.',_binary '','2021-04-28 15:29:44',NULL),(37,1,98,1,'Ipsum consectetur dolor labore consequat magna cillum nostrud esse irure nisi Lorem. Consequat cillum magna do exercitation do eiusmod deserunt sint proident mollit proident culpa Lorem ipsum. Reprehenderit sunt Lorem velit nulla fugiat id duis et veniam laborum esse ut.',_binary '','2021-03-10 09:40:00',NULL),(38,4,24,2,'Sunt duis excepteur Lorem aute enim deserunt laboris occaecat et labore aliquip sunt dolore laboris. Fugiat ad consequat magna sint enim mollit cupidatat incididunt tempor ad ad consectetur culpa. Duis exercitation culpa pariatur consequat tempor et velit veniam.',_binary '','2021-08-06 20:17:49',NULL),(39,2,12,1,'Nulla proident magna mollit labore. Proident et ea ex occaecat ad adipisicing aliquip labore anim Lorem enim. Pariatur id tempor cupidatat laborum culpa elit consequat sint officia sint et veniam.',_binary '','2021-05-02 01:40:44',NULL),(40,1,52,2,'Exercitation dolor ex officia aliqua esse minim culpa enim occaecat officia reprehenderit. In veniam amet laborum nostrud consectetur non. Ipsum pariatur amet dolor nisi ipsum Lorem labore excepteur commodo minim mollit officia.',_binary '','2021-09-20 21:34:52',NULL),(41,3,34,4,'Esse nisi dolor irure eu nulla. Cillum elit sunt et pariatur. Veniam et ea adipisicing est ipsum sunt exercitation aute et.',_binary '','2021-05-21 13:32:40',NULL),(42,3,49,5,'Est sunt et cupidatat non nisi aliqua. Irure incididunt enim incididunt Lorem aliqua deserunt. Veniam laborum velit reprehenderit ullamco duis commodo excepteur eu esse consequat.',_binary '','2021-04-24 09:39:36',NULL),(43,5,25,3,'Quis reprehenderit anim ullamco eu officia occaecat sint dolor excepteur eiusmod. Ipsum excepteur esse excepteur aliquip voluptate reprehenderit. Exercitation voluptate proident dolore cupidatat incididunt eu exercitation voluptate commodo consectetur excepteur laboris.',_binary '','2021-11-08 09:19:05',NULL),(44,1,95,2,'Minim voluptate aute ea veniam ipsum ad nostrud deserunt magna quis ea ullamco nostrud sit. Nisi aliquip cupidatat minim nostrud adipisicing pariatur reprehenderit ex labore duis. Velit laborum adipisicing veniam excepteur laborum occaecat anim excepteur quis enim sit.',_binary '','2021-08-18 13:25:56',NULL),(45,4,94,2,'Duis ea sunt proident adipisicing tempor irure. Aliquip non id eiusmod minim sint anim Lorem in est velit elit. Nostrud consequat nulla nulla id ex in irure duis nisi irure fugiat sit mollit.',_binary '','2021-04-27 08:10:30',NULL),(46,2,48,3,'Consequat laboris irure id laboris ea cupidatat occaecat. Ex nostrud ipsum et excepteur ullamco nisi officia eiusmod duis nostrud nulla sint ipsum. Eiusmod excepteur anim eu exercitation id est ad ea quis enim.',_binary '','2021-05-25 03:52:56',NULL),(47,2,1,3,'Non in dolor non aliquip elit Lorem ipsum tempor mollit commodo aliquip veniam. Esse velit exercitation nostrud aliquip ullamco elit enim laborum sit tempor amet aliqua eiusmod pariatur. Eu laboris Lorem minim ullamco consequat pariatur cillum excepteur est irure veniam.',_binary '','2021-11-16 11:56:13',NULL),(48,5,13,1,'In sint et laborum culpa nostrud ea eu eu esse aliquip culpa nisi dolor. Aute culpa esse cillum ad do voluptate do laborum sit proident dolor sint duis elit. Cupidatat eiusmod incididunt sunt ea qui laborum fugiat occaecat.',_binary '','2021-12-15 06:31:00',NULL),(49,4,80,2,'Fugiat commodo dolore elit incididunt nisi aliqua ea aliqua. Aliquip consectetur do esse non veniam minim cupidatat id exercitation quis cillum. Ea incididunt nulla ea laboris esse ex culpa ullamco duis velit commodo adipisicing occaecat.',_binary '','2021-03-16 17:13:55',NULL),(50,4,63,4,'Deserunt est incididunt nostrud Lorem aliquip. Fugiat qui incididunt proident mollit nisi non cillum voluptate sunt ullamco Lorem aute ad occaecat. Sint esse sit consequat esse nostrud labore id excepteur excepteur elit fugiat exercitation dolore magna.',_binary '','2021-05-01 16:32:04',NULL),(51,5,39,1,'Ex fugiat eiusmod amet labore ad commodo enim. Laborum nostrud ad ullamco ex in. Nulla do commodo excepteur incididunt in ullamco in aliquip magna.',_binary '','2022-01-18 07:58:58',NULL),(52,2,18,5,'In sit occaecat esse magna mollit cupidatat ex eu non eiusmod et sit deserunt. Velit do commodo voluptate id exercitation laborum irure ad aute. Pariatur reprehenderit dolor id aliqua est minim adipisicing aute ex aliqua.',_binary '','2021-12-31 06:39:01',NULL),(53,5,69,1,'Commodo sint ipsum labore qui voluptate dolor id laborum adipisicing cillum. Excepteur est sit non officia aliquip labore. Cupidatat esse nostrud culpa et.',_binary '','2021-07-20 13:53:30',NULL),(54,4,100,5,'Pariatur consequat consectetur magna nostrud aliqua irure dolor. Aute esse exercitation officia et cillum incididunt est nisi et ut in Lorem. Qui commodo et irure sint aute.',_binary '','2022-01-17 07:42:11',NULL),(55,1,52,3,'Amet eu non dolor ex officia laboris quis eu qui excepteur sit do. Eu commodo amet non velit ipsum commodo excepteur duis. Incididunt quis magna velit labore ullamco non fugiat laboris tempor in.',_binary '','2021-08-22 15:50:47',NULL),(56,5,58,3,'Fugiat enim consequat eu duis proident cillum nostrud cillum minim adipisicing eiusmod. Non dolor qui ad dolore eiusmod labore excepteur labore anim deserunt. Deserunt laborum occaecat ad sunt officia reprehenderit sit pariatur dolore amet Lorem.',_binary '','2021-10-27 19:23:11',NULL),(57,5,44,5,'Eu reprehenderit proident officia dolor sunt qui eiusmod ad eiusmod exercitation occaecat adipisicing. Cillum culpa sint tempor labore adipisicing et aute irure incididunt consectetur occaecat. Non minim Lorem id anim mollit incididunt culpa anim.',_binary '','2021-06-08 03:26:15',NULL),(58,2,36,2,'Dolor esse Lorem id veniam elit. Dolore nulla ullamco aliqua dolor dolor eiusmod veniam eu qui qui ex est qui. Amet qui voluptate ullamco magna officia amet veniam veniam.',_binary '','2021-11-15 20:15:04',NULL),(59,2,51,1,'In qui nostrud et exercitation. Ut et consectetur laboris dolor anim exercitation ipsum nisi aliquip ipsum ex cillum. Duis anim sit pariatur commodo dolor enim aute.',_binary '','2021-04-11 07:42:46',NULL),(60,4,3,5,'Labore anim non consequat velit id ea pariatur deserunt adipisicing. Nulla labore pariatur ut qui occaecat. Anim occaecat pariatur nisi veniam irure irure veniam nisi ut.',_binary '','2021-07-14 08:56:52',NULL),(61,4,61,1,'Tempor amet ipsum Lorem est mollit magna quis aliqua excepteur adipisicing consectetur id. Aute in aliquip nulla duis irure consequat elit commodo ut. Elit nulla esse elit excepteur nostrud incididunt ut veniam eiusmod in anim eiusmod ad.',_binary '','2021-07-29 09:22:28',NULL),(62,3,83,3,'Commodo tempor incididunt nisi exercitation elit ex mollit. Laboris anim cillum do labore occaecat ullamco eu amet non id ea incididunt deserunt. Excepteur irure deserunt in do labore.',_binary '','2021-03-15 15:48:58',NULL),(63,3,41,1,'Pariatur et non nostrud minim est aliqua. Consectetur sunt tempor ea nulla duis Lorem est culpa ullamco. Tempor ipsum nostrud proident ullamco irure tempor quis officia veniam aliqua officia duis proident.',_binary '','2021-12-22 18:46:26',NULL),(64,3,38,4,'Est tempor nulla pariatur cillum occaecat quis. Irure ipsum amet mollit qui qui consectetur ea cupidatat sit velit nulla Lorem. Nostrud eu officia in duis occaecat minim proident enim sint irure dolor.',_binary '','2021-11-04 14:06:53',NULL),(65,4,61,1,'Laboris quis sunt ad sint velit ut Lorem non. Culpa labore fugiat incididunt labore laborum reprehenderit velit Lorem sint aliquip proident. Nostrud duis do aliquip consectetur ea consequat cillum aliquip magna laborum.',_binary '','2021-10-09 10:45:50',NULL),(66,3,45,1,'Labore magna pariatur ex mollit labore excepteur ex. In laboris et proident voluptate proident culpa est adipisicing amet amet cupidatat eu esse. Officia enim aliqua qui amet.',_binary '','2021-08-16 07:06:22',NULL),(67,1,31,2,'Ad elit nulla mollit do nulla non non nisi ipsum laboris anim occaecat dolor Lorem. Amet veniam dolor cupidatat id velit do magna tempor sit. Aliquip id velit aute do et tempor qui occaecat non irure labore aliquip incididunt fugiat.',_binary '','2021-05-29 22:13:23',NULL),(68,2,3,5,'Occaecat do ipsum nisi culpa ipsum culpa dolore duis reprehenderit exercitation consequat anim. Deserunt veniam dolore tempor enim minim elit ad consequat cupidatat cupidatat dolor eu Lorem. Sit minim quis id aliqua.',_binary '','2021-02-13 09:48:17',NULL),(69,1,7,2,'Pariatur eiusmod aliqua qui excepteur excepteur velit ut ipsum pariatur commodo fugiat. Mollit incididunt ullamco consectetur voluptate cillum pariatur cillum id amet laboris occaecat. Velit Lorem occaecat quis est Lorem.',_binary '','2021-03-16 08:29:14',NULL),(70,4,95,5,'Labore qui proident ut amet occaecat eiusmod et. Nisi dolore eu nostrud cupidatat ad non consequat quis aliqua excepteur velit commodo. Id ut elit ullamco ea est cillum.',_binary '','2021-08-18 04:22:17',NULL),(71,4,32,4,'Lorem excepteur cillum et esse velit enim culpa elit dolore ut nisi ad. Exercitation irure labore ex non duis sint. Adipisicing qui non veniam ut.',_binary '','2021-05-29 18:18:29',NULL),(72,4,7,3,'Anim ullamco consectetur anim ullamco esse incididunt aute velit velit cillum minim velit ullamco. Ad non cillum sit commodo nostrud reprehenderit in reprehenderit. Magna et tempor elit sit excepteur sunt.',_binary '','2021-04-18 02:03:58',NULL),(73,5,28,3,'Dolore fugiat amet dolore fugiat eu enim quis magna. Amet ad mollit proident consequat veniam aliquip. Mollit ut nisi duis excepteur est irure nostrud proident.',_binary '','2021-06-13 18:37:11',NULL),(74,1,30,2,'Consectetur labore laborum elit proident dolor. Lorem sint esse ullamco in proident irure consectetur aliquip cupidatat sunt occaecat ipsum qui. Exercitation nisi dolor anim commodo culpa qui culpa.',_binary '','2021-11-08 10:50:08',NULL),(75,5,77,4,'Commodo incididunt elit in ipsum eiusmod laborum velit deserunt pariatur pariatur. Voluptate eiusmod excepteur minim elit. Occaecat quis id in sit.',_binary '','2021-06-14 18:40:34',NULL),(76,1,93,4,'Mollit esse laboris aliqua consequat culpa velit. Et fugiat aliqua id nostrud proident. Exercitation incididunt proident cillum minim anim incididunt.',_binary '','2021-09-09 05:08:15',NULL),(77,4,27,4,'Minim duis nulla do culpa eu fugiat nisi Lorem duis nisi magna eiusmod. Occaecat minim consequat laboris nulla exercitation duis ut ipsum non aliqua anim do ex. Nostrud amet aliquip velit irure exercitation quis minim officia sit nulla.',_binary '','2021-10-12 02:01:52',NULL),(78,1,4,2,'Laborum amet voluptate pariatur aliqua. Nostrud magna et mollit magna sit Lorem dolore ex quis Lorem consequat culpa. Nulla et velit dolore elit velit sint Lorem elit occaecat adipisicing dolor ut.',_binary '','2021-08-26 12:28:57',NULL),(79,2,54,1,'Nulla laboris elit commodo consequat commodo incididunt in exercitation. Sunt dolore minim consequat laboris ea ad deserunt incididunt aliquip dolor do. Culpa culpa proident ex ea culpa ex labore esse adipisicing voluptate culpa consequat aliqua.',_binary '','2021-06-25 03:21:42',NULL),(80,2,26,1,'Culpa ipsum proident sint eu labore aliquip sit. Anim culpa in minim id labore anim duis pariatur eu consectetur ullamco eiusmod occaecat occaecat. Esse officia proident eiusmod consequat do magna nisi exercitation nulla ex amet velit elit.',_binary '','2021-11-19 12:31:15',NULL),(81,5,72,1,'Id reprehenderit officia ea aliquip. Sit amet sint laborum labore. Occaecat ullamco in sunt nulla laboris ut.',_binary '','2021-06-05 19:17:14',NULL),(82,5,85,1,'Occaecat ea labore cillum ullamco. Commodo aliquip id culpa nulla ex consequat Lorem reprehenderit nostrud sit sunt duis ex. Eiusmod aliqua irure nostrud nostrud.',_binary '','2021-12-13 01:42:22',NULL),(83,1,86,4,'Qui exercitation cillum dolore labore nostrud mollit aliqua pariatur ad nulla cupidatat non. Amet consequat aute nostrud ea excepteur voluptate amet laborum anim dolor Lorem aliquip Lorem consectetur. Lorem ea enim qui eiusmod Lorem minim do.',_binary '','2021-03-22 20:45:11',NULL),(84,4,32,5,'Irure exercitation sunt ex id officia dolore exercitation aliquip sunt incididunt. Veniam Lorem quis ut dolor commodo dolor exercitation amet. Reprehenderit sunt sunt laborum qui exercitation id reprehenderit tempor tempor.',_binary '','2022-01-17 16:26:09',NULL),(85,5,9,1,'Anim laborum ea pariatur id et fugiat nisi exercitation eu aliquip. Quis incididunt cillum ipsum magna elit et sit ipsum cillum eiusmod labore nulla irure aliquip. Tempor et voluptate reprehenderit qui adipisicing est adipisicing incididunt ad est.',_binary '','2021-08-12 10:30:41',NULL),(86,3,10,1,'Veniam consequat dolore labore duis ullamco nostrud est. Excepteur qui amet adipisicing tempor eiusmod. Proident eiusmod deserunt occaecat laborum commodo sit quis adipisicing enim non culpa.',_binary '','2021-12-04 21:16:47',NULL),(87,4,44,2,'Enim ex laborum ullamco eu proident occaecat. Cupidatat non dolore adipisicing labore nulla labore cupidatat. Cupidatat ex aute amet adipisicing commodo.',_binary '','2021-05-19 06:21:03',NULL),(88,5,38,4,'Dolore nostrud amet nulla mollit amet est et et. Nulla laborum voluptate reprehenderit consectetur. Laborum laboris eu eiusmod anim.',_binary '','2021-06-28 04:10:34',NULL),(89,4,98,3,'Ad excepteur nulla et sint adipisicing sit culpa et non consequat. Eiusmod mollit enim excepteur veniam quis. Elit ad ex excepteur proident dolor deserunt qui labore fugiat labore ullamco.',_binary '','2021-06-27 16:33:32',NULL),(90,3,89,5,'Officia in Lorem voluptate eiusmod velit cillum eu minim ullamco voluptate quis pariatur. Deserunt enim consectetur tempor quis est magna velit reprehenderit minim voluptate et laborum do. Dolore id anim nulla elit eiusmod ipsum deserunt elit anim culpa reprehenderit id elit.',_binary '','2021-02-13 21:42:58',NULL),(91,3,91,5,'Eu dolore qui minim Lorem mollit anim Lorem irure aliquip velit commodo. Do deserunt aute consequat non aute sit minim sint reprehenderit velit pariatur ipsum sunt cillum. Commodo mollit culpa incididunt pariatur fugiat enim nostrud Lorem deserunt ut quis nostrud.',_binary '','2021-08-19 16:12:43',NULL),(92,5,3,4,'Dolor aute aliqua labore qui aliquip nulla excepteur minim duis. Consequat esse occaecat laboris culpa cillum irure qui adipisicing et. Fugiat nisi veniam id anim aliquip.',_binary '','2022-01-28 13:15:21',NULL),(93,1,13,4,'Nulla sint culpa ex exercitation cupidatat commodo enim ullamco pariatur sint. Id ad deserunt sint laborum cupidatat magna. Reprehenderit officia ut eiusmod ad eu et consectetur pariatur esse aliquip officia.',_binary '','2021-03-07 10:01:45',NULL),(94,5,49,5,'Laboris et laboris aliqua minim elit magna nostrud dolor nisi irure ea ea et pariatur. Quis occaecat ipsum culpa qui incididunt tempor sint non. Consectetur incididunt cupidatat id veniam.',_binary '','2021-06-16 22:06:26',NULL),(95,3,14,3,'Voluptate cillum aliqua in in cupidatat qui. Deserunt incididunt irure sit est et nisi excepteur eiusmod reprehenderit. Reprehenderit aliqua labore voluptate tempor ad voluptate reprehenderit.',_binary '','2021-02-14 19:24:01',NULL),(96,1,10,5,'Eu nostrud commodo mollit laborum. Anim aute in quis nulla tempor deserunt nulla. Reprehenderit Lorem labore consequat eu pariatur tempor tempor exercitation ipsum mollit.',_binary '','2021-07-16 10:49:39',NULL),(97,3,83,1,'Officia occaecat sunt et mollit id esse duis nostrud sint veniam nisi cupidatat nulla quis. Reprehenderit consectetur tempor eu labore velit anim do incididunt. Consectetur exercitation consequat est ipsum sint ex consequat magna cillum est voluptate ea.',_binary '','2021-05-24 21:41:47',NULL),(98,1,11,2,'Sit mollit nisi pariatur aliqua proident amet non incididunt. Et non sint officia ullamco ut est. Do cillum aliquip laboris aute aute voluptate nisi voluptate magna sint ut dolor culpa nulla.',_binary '','2021-03-22 02:30:42',NULL),(99,4,97,1,'Magna ipsum velit sit sunt duis velit. Consequat exercitation nostrud officia esse deserunt consequat aliquip ad Lorem anim labore. Reprehenderit et sit aliqua dolore.',_binary '','2021-03-18 19:39:24',NULL),(100,1,33,5,'Reprehenderit duis aliquip deserunt voluptate labore. Ea laboris commodo exercitation ullamco eu elit proident. Adipisicing amet deserunt irure duis exercitation occaecat quis.',_binary '','2021-07-17 03:23:09',NULL),(101,5,77,4,'Enim fugiat cillum in dolor deserunt voluptate fugiat non in proident reprehenderit incididunt. Ea anim enim excepteur duis nisi eiusmod sit voluptate incididunt eu ullamco minim. Magna pariatur aute non enim laboris est aliquip deserunt veniam adipisicing.',_binary '','2021-03-06 03:45:16',NULL),(102,3,9,1,'Consequat sit fugiat irure elit Lorem et. Ipsum non culpa mollit enim ut sint minim duis velit. Aliquip ipsum quis ullamco et cupidatat magna excepteur magna.',_binary '','2021-11-06 22:22:17',NULL),(103,4,95,5,'Nisi mollit elit excepteur ipsum deserunt exercitation eiusmod deserunt dolore. Minim ad irure elit laboris consectetur in. Consectetur eu velit tempor veniam proident amet commodo ut cupidatat.',_binary '','2021-03-02 15:14:30',NULL),(104,4,21,4,'Fugiat aliqua ipsum minim sunt incididunt aliquip amet et nisi amet veniam voluptate elit anim. Veniam ipsum commodo non occaecat magna magna commodo do consequat sit. Exercitation ut qui dolore id cupidatat velit aliquip duis et.',_binary '','2022-01-05 15:15:16',NULL),(105,1,40,4,'Anim veniam nostrud laboris tempor ullamco ea elit aute amet aute elit quis est. Ullamco id eiusmod minim irure. Magna deserunt elit deserunt consequat aliqua et labore.',_binary '','2021-03-06 09:13:52',NULL),(106,4,12,2,'Elit incididunt fugiat laborum adipisicing. Ipsum ut ut commodo occaecat ut ut dolore aute eiusmod ad deserunt commodo eu non. Duis sunt fugiat reprehenderit do dolor dolor sint consectetur magna exercitation sunt.',_binary '','2021-08-27 05:50:18',NULL),(107,3,75,2,'Elit nostrud duis proident nostrud occaecat do nisi culpa deserunt. Reprehenderit elit elit mollit exercitation eiusmod cillum amet et incididunt enim nulla. Proident commodo fugiat elit proident est aliquip ad laborum laborum.',_binary '','2021-09-21 12:07:35',NULL),(108,4,76,5,'Cillum nostrud irure magna veniam Lorem amet sint. Aliquip non dolor anim ea non non ad ipsum dolor aute adipisicing. Pariatur eiusmod ad esse anim consectetur ea tempor dolor ex deserunt esse nostrud velit.',_binary '','2021-04-28 15:25:37',NULL),(109,4,17,1,'Id magna irure anim ut non aute ut nulla nostrud. Voluptate sunt aliquip cupidatat sit pariatur irure sunt excepteur anim duis excepteur irure sint. Adipisicing cupidatat occaecat veniam veniam cupidatat ea consectetur ipsum dolore laborum.',_binary '','2021-11-21 14:37:04',NULL),(110,5,79,3,'Deserunt amet exercitation culpa labore duis exercitation adipisicing. Fugiat esse ad cillum est officia sit ut adipisicing elit. Incididunt enim commodo eiusmod consectetur cupidatat eiusmod consequat consequat voluptate.',_binary '','2022-01-03 16:07:37',NULL),(111,2,43,2,'Non aliquip veniam consectetur ut magna aute velit sint veniam ut. Aliquip commodo ullamco ea sunt aute nostrud ut veniam enim. Ex consectetur irure magna consequat.',_binary '','2021-08-15 20:54:48',NULL),(112,5,43,5,'Excepteur sint nisi cupidatat aute mollit tempor adipisicing incididunt. Enim veniam quis voluptate est. Amet do excepteur nostrud nostrud.',_binary '','2021-08-18 05:52:08',NULL),(113,5,97,5,'Quis dolore duis exercitation aute ullamco exercitation reprehenderit officia sunt reprehenderit reprehenderit. Duis tempor occaecat in minim magna consectetur voluptate Lorem. Deserunt proident exercitation est sunt.',_binary '','2021-05-05 15:17:07',NULL),(114,1,11,5,'Fugiat labore eiusmod nostrud ea pariatur. Cupidatat officia labore eiusmod commodo ea deserunt fugiat voluptate aliquip id. Sunt nostrud minim ex id minim consequat.',_binary '','2021-05-06 09:00:55',NULL),(115,1,88,5,'Laborum officia ipsum ullamco anim ex elit cillum. Tempor nisi sunt esse ad aliqua culpa ea magna ea Lorem cillum. Nulla tempor occaecat est cillum ad tempor nisi ea ullamco pariatur magna.',_binary '','2021-11-02 04:39:03',NULL),(116,3,7,5,'Est reprehenderit dolor do occaecat non ut non consequat consequat. Aute pariatur laboris amet elit minim velit mollit ullamco exercitation do in do do. Culpa voluptate eu proident aute incididunt eiusmod nisi ut reprehenderit culpa ad mollit ut.',_binary '','2021-06-07 00:24:18',NULL),(117,2,26,3,'Nostrud consectetur voluptate adipisicing veniam nostrud excepteur exercitation. Mollit laboris tempor qui mollit. Adipisicing commodo mollit nulla pariatur consectetur voluptate culpa sunt minim velit.',_binary '','2021-06-18 06:26:37',NULL),(118,2,53,1,'Tempor voluptate qui quis irure. Tempor Lorem in do cillum cupidatat officia culpa. Elit id proident nisi minim magna ipsum.',_binary '','2021-10-05 19:44:06',NULL),(119,5,47,5,'Consequat ut duis laboris mollit amet voluptate mollit cillum velit do Lorem. Nulla tempor et enim nisi adipisicing occaecat tempor eiusmod dolor exercitation excepteur amet laboris ullamco. Laboris veniam in excepteur ipsum aute officia culpa ex anim eiusmod velit cillum incididunt.',_binary '','2021-06-03 22:41:00',NULL),(120,4,28,5,'Elit id qui ad incididunt cupidatat cillum dolore. Velit esse dolor id est aliqua reprehenderit consectetur tempor ex sint ea enim. Aute cillum ea quis ea aute excepteur.',_binary '','2021-04-08 16:49:03',NULL),(121,1,24,2,'Culpa duis minim excepteur aliqua ea. Occaecat occaecat excepteur consectetur magna ut veniam id commodo dolor. Culpa exercitation incididunt incididunt sit excepteur voluptate magna reprehenderit.',_binary '','2021-08-09 05:58:38',NULL),(122,4,83,1,'Labore quis anim eiusmod dolore veniam sunt eiusmod consequat commodo tempor nostrud consectetur. Veniam elit ad eiusmod tempor laborum occaecat dolore velit duis aliqua ut. Do excepteur laboris excepteur dolore esse est elit mollit ipsum Lorem consequat nostrud.',_binary '','2021-12-22 09:13:42',NULL),(123,4,21,2,'Ipsum commodo eu commodo et esse sint est consequat in ea excepteur id dolore. Mollit sunt laboris excepteur tempor ipsum do nulla ipsum cupidatat cillum laborum. Officia tempor velit incididunt tempor non aliqua.',_binary '','2021-06-02 01:16:25',NULL),(124,3,12,3,'Veniam eiusmod magna amet ipsum. Tempor cillum aliquip sit cillum cupidatat. Ut sit Lorem reprehenderit adipisicing sint voluptate eu ipsum exercitation labore sunt dolore labore culpa.',_binary '','2021-07-09 15:59:11',NULL),(125,5,37,3,'Sunt fugiat excepteur deserunt irure irure. Magna exercitation veniam eu consectetur enim ipsum ullamco in cillum elit dolore. Occaecat cillum elit sit incididunt minim.',_binary '','2021-10-13 08:31:39',NULL),(126,4,86,5,'Pariatur officia occaecat occaecat aliquip enim non eiusmod aliquip sint tempor nisi tempor. Qui in aute aliqua reprehenderit minim irure cillum. Irure reprehenderit cupidatat consectetur velit reprehenderit sit veniam excepteur Lorem cillum consequat nulla qui adipisicing.',_binary '','2021-09-08 05:56:29',NULL),(127,3,99,4,'Eu nulla nostrud in qui nisi ut laborum labore cupidatat officia aliqua nostrud dolore. Velit cupidatat laborum Lorem est est ea pariatur ullamco occaecat non reprehenderit ea incididunt. Est ad amet sit dolor commodo.',_binary '','2021-06-12 03:09:05',NULL),(128,2,95,1,'Laboris ullamco et qui ad enim dolore magna. Irure commodo ea laborum reprehenderit anim laborum nostrud dolore adipisicing proident eiusmod adipisicing nulla. Nulla cillum voluptate exercitation voluptate anim magna quis non nostrud dolore esse.',_binary '','2021-09-23 05:38:59',NULL),(129,3,35,3,'Eiusmod velit laboris duis nostrud mollit voluptate mollit deserunt esse anim irure culpa sunt sit. Magna fugiat do eiusmod non amet proident ullamco. Deserunt ipsum aute ipsum laboris consequat aute duis ullamco.',_binary '','2021-11-28 18:36:38',NULL),(130,5,32,2,'Nostrud magna consectetur adipisicing duis incididunt amet id ea labore do aliquip minim et. Deserunt exercitation ullamco enim cillum elit nulla aliquip laboris non mollit id deserunt ut. Proident non aliqua velit id irure esse et laboris cupidatat consectetur.',_binary '','2021-04-14 18:43:43',NULL),(131,3,39,3,'Sunt dolor cillum elit aute eiusmod eu aliquip labore adipisicing magna. Ullamco sit excepteur aliqua ut. Reprehenderit anim nostrud labore nulla velit mollit eu sunt Lorem ad.',_binary '','2021-05-13 07:39:32',NULL),(132,2,90,4,'In incididunt pariatur anim est minim esse incididunt magna sit velit. Ad irure pariatur ullamco magna duis ipsum non consectetur eu magna minim reprehenderit aute nisi. Duis cupidatat laboris exercitation aliqua.',_binary '','2021-12-23 13:41:51',NULL),(133,4,39,3,'Lorem elit enim ea labore eu duis do consectetur reprehenderit eu dolore consequat nulla. Est fugiat Lorem labore laboris do ex mollit ut qui aute id et. Excepteur excepteur eu elit mollit dolore aliquip sint in ea nostrud irure fugiat ut consequat.',_binary '','2021-09-02 01:42:05',NULL),(134,4,57,1,'Cupidatat mollit quis et tempor culpa labore ex eu sint. Sit id velit incididunt enim qui. Enim reprehenderit ut do elit culpa.',_binary '','2022-01-20 07:49:47',NULL),(135,3,51,4,'Nulla fugiat et irure excepteur esse Lorem amet voluptate velit ipsum sunt esse. Excepteur sit amet adipisicing do reprehenderit proident. Tempor voluptate nulla occaecat incididunt ipsum anim pariatur duis.',_binary '','2021-07-01 19:49:46',NULL),(136,3,17,4,'Anim anim eu aliquip irure culpa consequat fugiat. Pariatur et reprehenderit amet ea esse. Excepteur consequat labore quis eiusmod in pariatur.',_binary '','2021-07-16 19:01:27',NULL),(137,4,61,1,'Exercitation laboris minim mollit in deserunt sint in in magna. Anim deserunt pariatur eu elit officia aliquip excepteur proident ullamco eiusmod deserunt duis. Mollit nostrud laboris irure quis magna sunt consequat proident excepteur aliqua cillum.',_binary '','2021-11-18 04:49:00',NULL),(138,3,68,3,'Id non eiusmod sint aute sint reprehenderit eiusmod incididunt eu officia. Irure pariatur velit aute culpa irure. Est occaecat tempor exercitation aute aliqua quis sint est id ea.',_binary '','2021-03-11 22:25:56',NULL),(139,1,42,4,'Magna officia incididunt ut exercitation quis anim duis quis. Eu ipsum irure velit reprehenderit tempor aliqua irure excepteur Lorem voluptate ex. Sint et fugiat sit voluptate tempor ut labore reprehenderit proident.',_binary '','2021-07-21 18:22:13',NULL),(140,1,65,5,'Occaecat nisi pariatur exercitation commodo cillum elit dolor dolor fugiat reprehenderit aliqua aute. Dolore esse ut ad eiusmod pariatur dolor non qui commodo eu amet incididunt ipsum veniam. Sunt amet incididunt elit enim excepteur sit ut mollit quis deserunt aliquip id officia.',_binary '','2021-10-27 13:31:07',NULL),(141,3,59,2,'Laboris ea reprehenderit ad reprehenderit culpa tempor nostrud tempor aute dolore mollit. Aliquip minim pariatur ipsum culpa adipisicing irure fugiat laborum laborum occaecat. In esse dolor laborum irure.',_binary '','2021-12-13 06:04:33',NULL),(142,1,45,2,'Ex tempor cillum eu ex id ullamco pariatur elit dolor ea cillum pariatur. Cillum ad aliqua mollit Lorem incididunt. Fugiat est in consectetur nisi officia dolore ut nulla et ad qui eiusmod laborum.',_binary '','2021-06-23 03:57:14',NULL),(143,3,28,5,'Irure ipsum elit Lorem officia tempor duis qui et adipisicing qui. Dolor in elit qui id ullamco adipisicing ipsum irure exercitation non veniam. Voluptate ipsum anim et sint culpa dolore.',_binary '','2021-02-27 15:12:06',NULL),(144,4,21,1,'Ut irure magna voluptate fugiat nulla esse sit enim consectetur. Esse velit culpa laboris exercitation aliquip eiusmod proident ipsum voluptate ex dolor mollit laborum magna. Esse in dolore elit est consectetur ipsum dolor ut est ex nulla labore irure.',_binary '','2021-11-26 07:35:46',NULL),(145,2,97,3,'Nostrud occaecat in veniam enim cillum ipsum. Commodo enim ex in consectetur consequat aute pariatur culpa. Velit nostrud culpa nostrud esse et elit.',_binary '','2021-12-31 04:06:04',NULL),(146,5,66,4,'Sit commodo culpa sunt ea est sunt do enim magna consectetur do. Cillum ea voluptate anim tempor minim adipisicing dolor ipsum irure exercitation dolor ad. Velit deserunt occaecat qui consequat officia labore irure excepteur eu esse ipsum velit.',_binary '','2021-02-17 07:03:55',NULL),(147,4,51,3,'Et ipsum excepteur consequat excepteur laborum mollit ullamco irure incididunt enim tempor pariatur. Do in fugiat sit tempor ipsum quis id commodo. Mollit pariatur ad anim cupidatat esse.',_binary '','2021-02-28 20:43:43',NULL),(148,3,12,4,'Minim incididunt nostrud excepteur ipsum exercitation eiusmod commodo amet. Cupidatat velit qui incididunt reprehenderit cupidatat sunt voluptate dolore adipisicing laboris. Occaecat eu labore et laborum ut ad Lorem magna mollit.',_binary '','2021-05-26 22:19:40',NULL),(149,2,81,3,'Cupidatat qui magna nisi Lorem sit dolor aliqua. Cupidatat nostrud pariatur quis Lorem consequat laboris anim nostrud anim proident in. Velit qui sint laborum minim exercitation id fugiat cupidatat.',_binary '','2022-01-26 17:46:55',NULL),(150,3,42,2,'Velit aliqua ullamco exercitation est minim nulla occaecat et officia veniam minim voluptate. Commodo sit et proident ex cupidatat. Nulla ad exercitation eiusmod veniam aliqua adipisicing incididunt tempor dolore aute.',_binary '','2021-02-24 12:50:14',NULL),(151,1,31,3,'sách tạm. Mà chủ shop hơi xấu trai. Còn con bán sách thì hãm',_binary '','2024-11-28 08:29:57','2024-11-29 12:26:38'),(152,8,64,5,'Cuốn sách này là một tác phẩm xuất sắc, mang lại cho người đọc không chỉ kiến thức mà còn cảm hứng sâu sắc. Tác giả đã khéo léo lồng ghép các ý tưởng mới mẻ với những câu chuyện thực tế, khiến nội dung trở nên sống động và dễ tiếp cận. Lối viết chặt chẽ, mạch lạc cùng với ngôn từ phong phú tạo nên một trải nghiệm đọc cuốn hút từ đầu đến cuối. Điểm mạnh của cuốn sách nằm ở cách trình bày các khái niệm phức tạp một cách đơn giản, dễ hiểu nhưng vẫn giữ được chiều sâu.',_binary '','2024-12-05 21:30:55','2024-12-07 09:41:15'),(153,5,72,5,'Toẹt dờiiiiiii',_binary '','2024-12-07 09:44:51',NULL);
/*!40000 ALTER TABLE `product_review` ENABLE KEYS */;
UNLOCK TABLES;

--
-- Table structure for table `user`
--

DROP TABLE IF EXISTS `user`;
/*!40101 SET @saved_cs_client     = @@character_set_client */;
/*!50503 SET character_set_client = utf8mb4 */;
CREATE TABLE `user` (
  `id` bigint NOT NULL AUTO_INCREMENT,
  `username` varchar(25) NOT NULL,
  `password` varchar(32) NOT NULL,
  `fullname` varchar(50) NOT NULL,
  `email` varchar(50) NOT NULL,
  `phoneNumber` varchar(11) NOT NULL,
  `gender` bit(1) NOT NULL,
  `address` varchar(200) NOT NULL,
  `role` varchar(10) NOT NULL,
  PRIMARY KEY (`id`),
  UNIQUE KEY `uq_username` (`username`),
  UNIQUE KEY `uq_email` (`email`),
  UNIQUE KEY `uq_phoneNumber` (`phoneNumber`)
) ENGINE=InnoDB AUTO_INCREMENT=13 DEFAULT CHARSET=utf8mb4 COLLATE=utf8mb4_0900_ai_ci;
/*!40101 SET character_set_client = @saved_cs_client */;

--
-- Dumping data for table `user`
--

LOCK TABLES `user` WRITE;
/*!40000 ALTER TABLE `user` DISABLE KEYS */;
INSERT INTO `user` VALUES (1,'Đăng Khoa','202CB962AC59075B964B07152D234B70','Đăng Khoa','dk@gmail.com','0989894900',_binary '\0','Nha Trang','ADMIN'),(2,'Khải','202CB962AC59075B964B07152D234B70','Phúc Khải','pkhai@gmail.com','0993194154',_binary '\0','Huế','EMPLOYEE'),(3,'Hồng Hà','202CB962AC59075B964B07152D234B70','Hồng Hà','ha@gmail.com','0930174351',_binary '','Hà Nội','ADMIN'),(4,'Phúc Khải','202CB962AC59075B964B07152D234B70','Lại Hoàng Phúc Khải','khai@gmail.com','0911925643',_binary '\0','Đồng Nai','CUSTOMER'),(5,'Nguyễn Văn Lương','202CB962AC59075B964B07152D234B70','Nguyễn Văn Lươngg','nvl@gmail.com','0987509391',_binary '\0','Nam Định','CUSTOMER'),(8,'Nguyễn Hồng Hà','202CB962AC59075B964B07152D234B70','Nguyễn Thị Hồng Hà','nguyenhongha19hh@gmail.com','0332614993',_binary '','Gia Lai','CUSTOMER');
/*!40000 ALTER TABLE `user` ENABLE KEYS */;
UNLOCK TABLES;

--
-- Table structure for table `wishlist_item`
--

DROP TABLE IF EXISTS `wishlist_item`;
/*!40101 SET @saved_cs_client     = @@character_set_client */;
/*!50503 SET character_set_client = utf8mb4 */;
CREATE TABLE `wishlist_item` (
  `id` bigint NOT NULL AUTO_INCREMENT,
  `userId` bigint NOT NULL,
  `productId` bigint NOT NULL,
  `createdAt` datetime NOT NULL,
  PRIMARY KEY (`id`),
  UNIQUE KEY `uq_userId_productId` (`userId`,`productId`),
  KEY `idx_wishlist_item_user` (`userId`),
  KEY `idx_wishlist_item_product` (`productId`),
  CONSTRAINT `fk_wishlist_item_product` FOREIGN KEY (`productId`) REFERENCES `product` (`id`),
  CONSTRAINT `fk_wishlist_item_user` FOREIGN KEY (`userId`) REFERENCES `user` (`id`)
) ENGINE=InnoDB AUTO_INCREMENT=35 DEFAULT CHARSET=utf8mb4 COLLATE=utf8mb4_0900_ai_ci;
/*!40101 SET character_set_client = @saved_cs_client */;

--
-- Dumping data for table `wishlist_item`
--

LOCK TABLES `wishlist_item` WRITE;
/*!40000 ALTER TABLE `wishlist_item` DISABLE KEYS */;
INSERT INTO `wishlist_item` VALUES (1,4,1,'2021-07-21 02:09:42'),(2,4,2,'2021-04-11 17:08:10'),(3,4,3,'2021-08-24 21:06:10'),(4,5,4,'2021-10-25 10:00:44'),(5,5,5,'2021-06-10 18:29:11'),(6,5,6,'2021-10-22 04:19:32'),(7,4,7,'2021-09-22 19:37:18'),(8,4,8,'2021-04-27 00:52:04'),(9,5,9,'2021-12-10 18:11:25'),(10,4,10,'2021-11-16 20:54:23'),(11,4,11,'2021-06-10 03:54:36'),(12,5,12,'2022-01-11 23:15:34'),(13,4,13,'2021-06-03 16:02:59'),(14,5,14,'2021-11-12 13:26:01'),(15,5,15,'2021-05-25 04:12:50'),(16,5,16,'2021-03-04 09:34:08'),(17,5,17,'2021-07-27 16:00:13'),(18,4,18,'2021-11-19 04:20:43'),(19,4,19,'2021-07-30 21:17:17'),(20,5,20,'2021-03-24 11:46:29'),(21,4,21,'2021-03-27 08:05:54'),(22,4,22,'2021-03-19 16:57:13'),(23,4,23,'2021-12-09 02:19:39'),(24,5,24,'2021-10-02 15:22:36'),(25,4,25,'2021-12-20 03:25:18'),(26,5,26,'2021-02-22 10:32:54'),(27,4,27,'2021-10-24 14:34:35'),(28,4,28,'2021-05-04 09:40:17'),(29,4,29,'2021-03-04 20:11:19'),(30,5,30,'2021-03-12 12:44:19'),(32,8,64,'2024-12-05 21:30:46'),(33,5,72,'2024-12-07 09:44:33'),(34,8,78,'2024-12-07 09:50:39');
/*!40000 ALTER TABLE `wishlist_item` ENABLE KEYS */;
UNLOCK TABLES;
/*!40103 SET TIME_ZONE=@OLD_TIME_ZONE */;

/*!40101 SET SQL_MODE=@OLD_SQL_MODE */;
/*!40014 SET FOREIGN_KEY_CHECKS=@OLD_FOREIGN_KEY_CHECKS */;
/*!40014 SET UNIQUE_CHECKS=@OLD_UNIQUE_CHECKS */;
/*!40101 SET CHARACTER_SET_CLIENT=@OLD_CHARACTER_SET_CLIENT */;
/*!40101 SET CHARACTER_SET_RESULTS=@OLD_CHARACTER_SET_RESULTS */;
/*!40101 SET COLLATION_CONNECTION=@OLD_COLLATION_CONNECTION */;
/*!40111 SET SQL_NOTES=@OLD_SQL_NOTES */;

-- Dump completed on 2024-12-07 11:04:30
